id,datum,pacient_prvni_zaznam,kum_pacient_prvni_zaznam,pocet_hosp,stav_bez_priznaku,stav_lehky,stav_stredni,stav_tezky,jip,kyslik,hfno,upv,ecmo,tezky_upv_ecmo,umrti,kum_umrti
676432f4-5c86-4d1b-8650-8dfd8b1daab2,2020-03-01,0,0,0,0,0,0,0,0,0,0,0,0,0,0,0
973b31cb-8374-46e2-b6ad-128bc42f0527,2020-03-02,0,0,0,0,0,0,0,0,0,0,0,0,0,0,0
3d6f3e14-e0f9-41af-b061-c469b1709b94,2020-03-03,0,0,0,0,0,0,0,0,0,0,0,0,0,0,0
0f95720a-8c3e-40a3-b696-ca2d67b4deba,2020-03-04,0,0,0,0,0,0,0,0,0,0,0,0,0,0,0
605f5ba4-ff1c-407a-909c-5771e53ba72d,2020-03-05,0,0,0,0,0,0,0,0,0,0,0,0,0,0,0
fc5e9ad1-db7e-4b11-9d64-3bfaf64cc9dc,2020-03-06,0,0,0,0,0,0,0,0,0,0,0,0,0,0,0
c200d517-c6f4-4479-9003-e02e20cdb017,2020-03-07,0,0,0,0,0,0,0,0,0,0,0,0,0,0,0
837c7725-c5e3-408f-9ae5-fc3608587f10,2020-03-08,0,0,0,0,0,0,0,0,0,0,0,0,0,0,0
0cee3903-18e3-4779-b7aa-52d104491b66,2020-03-09,0,0,0,0,0,0,0,0,0,0,0,0,0,0,0
5d57c24e-1bfe-4e4e-80ad-e02a5f43a0cc,2020-03-10,0,0,0,0,0,0,0,0,0,0,0,0,0,0,0
83530087-d0cf-43bf-b6aa-e00c875e64b3,2020-03-11,2,2,2,0,2,0,0,0,0,0,0,0,0,0,0
c8b8e5ca-0f11-4078-ba79-eb156bfa5a04,2020-03-12,1,3,3,0,2,1,0,0,0,0,0,0,0,0,0
1f9f87cb-7867-4edb-af90-5ed2e523664b,2020-03-13,2,5,4,0,3,1,0,0,0,0,0,0,0,0,0
424a4f5a-4477-4cab-828b-4412847afe31,2020-03-14,1,6,4,1,3,0,0,0,1,0,0,0,0,0,0
81d49a55-b374-472d-9dcc-bbe5c322bea1,2020-03-15,2,8,6,1,5,0,0,0,1,0,0,0,0,0,0
6d69a7d4-24e4-4153-83cb-220818523e2d,2020-03-16,14,22,19,3,8,6,2,3,4,0,2,1,2,0,0
84cecf72-ca9c-4aed-813f-46466080d194,2020-03-17,31,53,49,7,24,13,5,7,8,0,4,1,5,0,0
bac5249b-5b57-4e33-9c96-20383d383572,2020-03-18,5,58,50,7,25,12,6,9,10,0,4,1,6,0,0
99a913c6-1c35-4102-a1ba-084fd3485056,2020-03-19,8,66,55,8,29,12,6,10,9,0,4,1,6,0,0
1b7f0242-ac4a-428c-a2e3-0bfc770b9bf9,2020-03-20,14,80,66,9,32,10,15,16,14,0,8,1,15,0,0
84b857d9-11bb-486c-ab40-45fafea8a321,2020-03-21,18,98,79,5,41,19,14,18,23,0,11,1,14,0,0
d532d78b-c2ef-4d9f-984a-65da55756e2b,2020-03-22,22,120,97,6,49,26,16,27,27,0,16,1,18,1,1
5e240df1-3fdd-4b66-b1ca-9e789f9ea9e2,2020-03-23,26,146,117,7,54,34,22,31,31,0,19,1,22,0,1
2287e51c-3b53-407f-8b1e-fe3517a4326b,2020-03-24,25,171,135,8,54,47,26,41,43,0,23,1,26,2,3
1174ccbe-56cb-4194-89be-81efd87e272a,2020-03-25,47,218,175,8,55,77,35,54,61,0,26,1,36,5,8
da0fc870-493b-4176-84e1-f27c00c5dc77,2020-03-26,49,267,205,5,72,91,37,51,63,0,30,1,38,0,8
98a66e60-1176-4cf4-80fd-93979e9458f9,2020-03-27,40,307,237,5,68,117,47,59,84,0,33,1,48,2,10
39b2a41c-e3dd-4bce-8889-0a7a25e84a6b,2020-03-28,45,352,271,10,85,120,56,63,98,0,37,1,57,4,14
99fd401e-1f0d-423d-84bb-73fafbd56c2c,2020-03-29,28,380,282,11,103,115,53,61,98,0,37,2,53,5,19
4a557823-16fe-44a6-bf91-8bb91bcaf94b,2020-03-30,24,404,294,8,101,119,66,73,107,0,47,3,66,4,23
6d1d18a2-efb5-4e26-a9f9-42833c625844,2020-03-31,44,448,322,8,107,135,72,82,110,0,55,3,72,6,29
69bde501-a627-4e53-a151-4dc601f975b9,2020-04-01,45,493,345,12,121,138,74,88,104,0,59,4,74,7,36
e3b0fe88-b41c-4ccb-9daf-81361efa57f6,2020-04-02,39,532,351,15,125,135,76,87,102,0,65,2,76,5,41
fe6ad034-670c-488e-bb3e-56a0227ae46f,2020-04-03,41,573,375,24,118,147,86,94,126,0,65,2,86,7,48
1e4fde65-d33a-40ad-8b24-64de7f9c11e5,2020-04-04,29,602,365,20,104,157,84,90,131,0,62,2,84,8,56
71180b29-5e5d-4728-971c-14f1de052893,2020-04-05,25,627,371,19,112,158,82,91,138,0,62,2,82,8,64
5a7017b0-7bdc-49fb-a3fb-16201e6cb75c,2020-04-06,38,665,395,24,121,163,87,96,133,0,65,2,88,8,72
c628f773-ec28-4d40-a324-e5923fc1da56,2020-04-07,42,707,413,34,117,162,100,102,137,0,64,2,100,8,80
ce729efb-e3b1-45c6-bd2a-2b0c3760aa39,2020-04-08,33,740,423,41,122,166,94,96,137,0,61,3,94,12,92
946d4b78-d9d9-457e-b7f6-287b9d35df76,2020-04-09,36,776,417,47,115,159,96,94,136,0,64,3,96,9,101
9f63139a-7702-41ab-a568-58601381b892,2020-04-10,26,802,406,40,114,163,89,90,135,0,62,3,89,6,107
873c1bdc-40ec-4e5b-86a4-595c19f6ac18,2020-04-11,24,826,406,44,114,161,87,94,124,0,62,3,87,5,112
9912f584-e446-412c-ab75-2b1c44cc493f,2020-04-12,16,842,402,39,108,155,100,99,142,0,63,3,100,6,118
00824b5d-53d8-43b5-86ae-c594016ccec0,2020-04-13,13,855,395,44,107,151,93,93,123,0,61,3,93,10,128
3a026136-4d97-485a-b15d-3f07048c2aa8,2020-04-14,10,865,385,44,110,148,83,83,111,0,59,5,83,6,134
3b5153fe-a0b5-4c20-882f-0b2fc671d4be,2020-04-15,20,885,370,42,109,143,76,79,108,0,57,4,77,0,134
3ccc0b55-0c4a-415b-b610-72f0b73d8fc0,2020-04-16,23,908,362,50,91,138,83,87,108,0,57,3,83,2,136
4a80a655-6cb0-43f7-8c05-06bafbd51eac,2020-04-17,25,933,355,43,95,137,80,86,109,0,56,3,81,7,143
087baaf5-21ab-4771-8f30-481da20fca46,2020-04-18,15,948,338,42,97,125,74,81,103,0,51,3,75,2,145
f8d71409-40be-49d3-a376-82003c755e0b,2020-04-19,23,971,345,41,97,128,79,84,106,0,52,3,81,7,152
591f53d9-bc22-4008-9109-2c53cc4c9175,2020-04-20,25,996,348,52,104,116,76,86,89,0,54,3,78,5,157
a3aaa82d-92c3-4299-8722-124cf31c263f,2020-04-21,40,1036,365,65,110,112,78,82,84,0,48,4,79,5,162
07dafe7f-c6df-4d10-8397-b8fa87f33558,2020-04-22,16,1052,342,73,88,107,74,78,83,0,47,4,75,1,163
42c18f98-ac79-4505-808c-b22046a1e84e,2020-04-23,27,1079,335,70,92,95,78,75,82,0,45,4,78,4,167
be011fc0-d28f-4dde-b0ce-0f4f40faac5e,2020-04-24,20,1099,329,76,81,97,75,73,81,0,47,4,75,5,172
17a268a7-8498-4492-9faf-1624579fd4b0,2020-04-25,11,1110,314,73,73,97,71,69,74,0,43,4,71,4,176
b24682dc-4850-4eaf-bd37-492a6e0a11c5,2020-04-26,10,1120,309,71,78,88,72,67,71,0,45,4,72,1,177
5983b26e-1a60-4f23-9d3a-3f581767334b,2020-04-27,14,1134,309,76,74,91,68,68,74,0,45,3,68,1,178
89b284d3-343e-4044-9984-c2bbb805b174,2020-04-28,12,1146,305,73,81,83,68,61,66,0,42,3,68,4,182
83b471cc-5970-4eea-a843-357af36b5101,2020-04-29,4,1150,286,63,83,78,62,60,65,0,42,2,64,5,187
cc2de5e1-4db6-4f49-b784-d4b31d286415,2020-04-30,19,1169,273,64,76,75,58,52,66,0,39,2,60,6,193
b8195585-c1e1-4af3-9304-9d5c148cdbeb,2020-05-01,8,1177,244,48,70,73,53,46,64,0,35,1,55,6,199
710b3bdf-4edd-47a9-a50f-904d619858a8,2020-05-02,11,1188,233,52,62,70,49,47,58,0,32,1,50,1,200
3d58558a-5cf3-4b82-92d8-36064dab68af,2020-05-03,6,1194,232,62,62,59,49,45,53,0,31,1,50,1,201
bc68db56-f942-4528-bdac-637fe9e0ff0d,2020-05-04,11,1205,236,67,56,59,54,47,47,0,32,1,55,4,205
7cedbe50-4355-45e7-9dae-a64467d5d7d8,2020-05-05,12,1217,223,61,60,56,46,37,43,0,29,1,47,3,208
2ccc98f6-1ec7-4f57-9889-413ea4aeaa17,2020-05-06,4,1221,209,53,58,55,43,35,41,0,28,1,44,2,210
301f41ab-c0c6-4343-84f1-08cb997114f1,2020-05-07,10,1231,191,48,56,46,41,36,39,0,24,0,41,4,214
41af68aa-69f6-4377-a64a-cf8e3c47c07f,2020-05-08,9,1240,185,44,55,43,43,40,41,0,27,0,44,5,219
53968a80-7c46-4672-b51d-b703105fd164,2020-05-09,6,1246,173,41,52,41,39,34,39,0,25,0,39,3,222
0393a64e-85f6-4a1d-b661-a33cd4f9b682,2020-05-10,4,1250,167,35,53,40,39,34,38,0,24,0,39,2,224
46370c1f-1a65-4dc2-934a-658538ec978c,2020-05-11,5,1255,167,37,51,37,42,35,38,0,27,0,42,1,225
90fc754f-4d19-4567-abd6-27a38142d673,2020-05-12,5,1260,157,35,47,35,40,32,40,0,25,0,40,2,227
6edce582-7bbd-47ca-89c2-1b292238dbc3,2020-05-13,7,1267,147,30,46,33,38,29,34,0,19,0,39,3,230
58e35f62-3756-4ecf-9e4a-7d11785db629,2020-05-14,5,1272,128,30,37,27,34,29,26,0,19,0,35,2,232
9f6b487c-2362-4dd5-be35-ec05b2b8a5d2,2020-05-15,3,1275,118,30,35,19,34,29,25,0,18,0,35,2,234
c6cd3a15-629f-44ed-8f0c-62267ed0d4d2,2020-05-16,3,1278,112,27,33,19,33,28,20,0,16,0,34,1,235
ca642955-d5a4-4509-be43-5f2988055ee5,2020-05-17,1,1279,110,24,30,22,34,28,24,0,17,0,35,2,237
39d6c418-d785-47ae-bda7-8e19ef71408b,2020-05-18,9,1288,115,22,37,24,32,29,25,0,18,0,33,3,240
5bff3efa-c7a0-47c0-8cd1-781a48c0db71,2020-05-19,4,1292,109,23,33,22,31,26,24,0,18,0,32,2,242
7680b03a-ec0e-4249-9a0e-01a1fa1b1e5d,2020-05-20,5,1297,101,23,26,21,31,25,23,0,19,0,32,2,244
6c8bf758-839a-4a34-ab15-9b7caf576e40,2020-05-21,7,1304,101,16,35,21,29,23,24,0,17,0,30,2,246
bff7d407-afbf-48b2-ade8-ba7ab5674f2a,2020-05-22,6,1310,98,19,32,23,24,17,16,0,14,0,25,2,248
97bb302d-0467-4b65-8dee-ded8beea700e,2020-05-23,4,1314,93,15,32,24,22,18,16,0,14,0,23,1,249
b44c96f9-5a92-4a76-87af-52e7aced39b0,2020-05-24,5,1319,94,16,32,25,21,19,15,0,14,0,22,1,250
e21e5674-51dd-4301-a833-1b67fc8aab56,2020-05-25,3,1322,91,15,31,26,19,18,14,0,12,0,20,1,251
4a010e93-a9bd-4812-a9ee-af96272fc9d1,2020-05-26,8,1330,92,19,27,31,15,16,15,0,10,0,16,0,251
702911f6-d764-4e3d-a55e-b0d0fd96b4c9,2020-05-27,4,1334,86,15,27,29,15,16,17,0,10,0,17,0,251
cf01f78c-14f7-459e-abf1-ea2ef5593b0f,2020-05-28,4,1338,74,12,21,26,15,13,12,0,8,0,15,1,252
5c7b1503-12a3-4365-8ccc-2c447d470a82,2020-05-29,3,1341,71,11,20,25,15,12,14,0,9,0,15,0,252
52c282a1-07b9-4a09-8668-a47c7465663c,2020-05-30,8,1349,72,19,18,23,12,12,12,0,7,0,12,0,252
580eaf6e-fda5-45bb-9b52-83b360cebcef,2020-05-31,2,1351,70,20,18,20,12,11,13,0,7,0,12,0,252
125f47df-c758-4c28-8e70-ff42341470fd,2020-06-01,4,1355,73,20,22,18,13,11,12,0,6,0,13,1,253
715896d4-b734-4d54-aaca-cc7bdac4cfdc,2020-06-02,5,1360,75,21,23,20,11,9,11,0,6,0,11,1,254
97bd7bbf-9342-44e4-878b-e00216c2a4b4,2020-06-03,0,1360,65,18,22,15,10,8,11,0,6,0,10,1,255
45ceea2d-4a78-4a91-b882-484c2aae36d1,2020-06-04,4,1364,60,20,13,18,9,8,9,0,6,0,9,3,258
206da276-ad89-4fed-b099-1cfb94be064e,2020-06-05,9,1373,60,19,19,13,9,6,12,0,5,0,9,0,258
e621e04d-6be5-4935-8a90-98cd61fc558f,2020-06-06,4,1377,59,17,21,13,8,8,12,0,5,0,9,0,258
6d702466-843b-4eb0-88cc-7727803e084c,2020-06-07,4,1381,61,18,21,12,10,9,12,0,6,0,10,1,259
dc5c6ed1-ab3f-4a35-9eb8-0367443e607a,2020-06-08,1,1382,60,15,22,14,9,9,10,0,5,0,9,0,259
465824b2-852d-49c6-b1c6-e3305da108e2,2020-06-09,4,1386,63,13,22,19,9,11,12,0,5,0,9,1,260
d862642c-d667-4e3d-be76-b43f52b035e7,2020-06-10,6,1392,66,15,25,15,11,12,13,0,5,0,11,1,261
db1db945-6fa0-4e43-97f9-f6cf2c0d02f6,2020-06-11,4,1396,65,17,20,16,12,10,15,0,4,0,12,1,262
83a0b15c-039f-4e0f-90cc-266dd51d9303,2020-06-12,6,1402,69,16,24,18,11,11,17,0,5,0,11,0,262
4d4ddf5a-e769-4159-8d43-5295b2309608,2020-06-13,4,1406,67,15,20,20,12,10,17,0,5,0,12,0,262
d1d415ee-1fec-487d-8941-28b897d54b25,2020-06-14,5,1411,68,17,21,20,10,11,15,0,5,0,10,1,263
22931af7-3747-41a7-8edd-743d0ca0c34e,2020-06-15,11,1422,77,24,24,20,9,8,16,0,3,0,9,1,264
6eaa62ed-04a8-4de1-86f9-d65269f5cc1f,2020-06-16,6,1428,78,22,28,20,8,4,14,0,2,0,8,1,265
e8b7c137-030a-491c-88eb-4ee5964f55b3,2020-06-17,7,1435,84,26,28,23,7,6,13,0,3,0,8,1,266
781c7b6c-96df-4fea-934c-a53b12ee0ce1,2020-06-18,7,1442,83,27,24,22,10,8,11,0,4,0,10,1,267
9cfb3279-ac7d-41c0-8999-217cffe62eb4,2020-06-19,7,1449,82,27,23,24,8,7,9,0,5,0,8,0,267
171c8c19-6f3e-4502-bbce-5740b0d50a65,2020-06-20,6,1455,80,28,21,22,9,7,10,0,5,0,9,0,267
9f530a61-1c01-4d0b-9083-8f99a3bb9398,2020-06-21,2,1457,74,21,19,25,9,9,10,0,6,0,9,1,268
0500ac34-342f-4faa-aad6-174cec9b945a,2020-06-22,3,1460,75,21,20,25,9,9,9,0,6,0,9,1,269
72ee28ae-08ff-4040-808a-b6d3fc274cdd,2020-06-23,6,1466,77,21,19,28,9,6,14,0,4,0,9,0,269
d53b15f9-dc9c-4151-bb7d-e198d2c97eca,2020-06-24,7,1473,78,16,21,28,13,7,10,0,5,0,13,4,273
acd12b57-089e-45f8-b402-113a388daea2,2020-06-25,1,1474,67,12,18,25,12,9,14,0,5,0,12,0,273
3b049c07-1b3c-4e72-ab70-b44ef2b2f821,2020-06-26,5,1479,64,12,15,26,11,8,18,0,4,0,11,1,274
384d1321-f70f-4a9a-b9e6-fb3cbbbd4189,2020-06-27,4,1483,61,10,13,27,11,9,23,0,2,0,11,0,274
042ef809-2c6a-4b04-8e20-340d6038a9ff,2020-06-28,7,1490,66,11,14,28,13,10,24,0,4,0,14,0,274
106186fd-79c1-42d6-834d-b41dd6ebdcda,2020-06-29,5,1495,69,13,13,32,11,10,26,0,4,0,11,0,274
a04c582e-8ae5-4f40-8556-fb24f727a812,2020-06-30,4,1499,71,15,12,33,11,8,27,0,4,0,11,1,275
d8b2fb21-5d02-4ac1-87ba-995cb2e2a348,2020-07-01,10,1509,75,15,18,32,10,10,28,0,4,0,10,0,275
e1fee011-c0c1-4770-92d9-39a020728561,2020-07-02,4,1513,72,11,22,28,11,10,28,0,3,0,11,1,276
954a25e8-5c98-46b2-9f49-4b7dbaf3b3af,2020-07-03,7,1520,71,13,22,25,11,11,28,0,3,0,11,0,276
7aec51a4-421f-4323-a3a7-1dc942633d8d,2020-07-04,3,1523,70,15,20,22,13,11,29,0,4,0,13,2,278
ce256ef2-6120-4c17-8020-ad44c4953ad9,2020-07-05,9,1532,73,14,24,22,13,13,24,0,6,1,13,2,280
6aab9017-a27c-4207-ae20-036ee990ebb0,2020-07-06,2,1534,69,11,25,23,10,11,22,0,5,1,10,1,281
25ac72e8-729e-41e8-bc63-5dca242da4a3,2020-07-07,10,1544,77,14,28,24,11,13,24,0,7,1,11,0,281
c448e68c-31f2-4d63-8b5e-8928fe57be8b,2020-07-08,10,1554,85,17,29,29,10,14,30,0,6,1,10,0,281
b27d489f-0301-4d96-b9d2-870cfafd32b6,2020-07-09,5,1559,73,10,25,23,15,15,25,0,8,1,15,1,282
993aba51-e778-4a94-bbe2-f2380a6e9703,2020-07-10,5,1564,69,12,18,24,15,15,27,0,9,1,15,0,282
37ff2b6b-cc8b-42bd-ac2b-e99c599ccf11,2020-07-11,3,1567,64,11,18,21,14,13,26,0,10,0,14,0,282
122356c6-6c25-49fe-b944-852058710196,2020-07-12,3,1570,65,8,20,22,15,14,28,0,11,0,15,0,282
dd9ad247-c6b4-445c-a54c-91434d095cb3,2020-07-13,8,1578,71,7,23,22,19,14,32,0,11,1,19,1,283
8c3a5070-d9c5-44e3-b52c-aa0e13ae09aa,2020-07-14,2,1580,71,7,25,22,17,13,34,0,11,1,17,1,284
dccc3b65-25e3-4d0e-ab6d-75859b168744,2020-07-15,13,1593,80,13,28,22,17,12,31,0,11,1,17,0,284
ccc31a72-2fd9-49b2-810a-16945ca5f811,2020-07-16,5,1598,76,15,20,20,21,14,34,0,12,2,21,0,284
1f37d195-cbd0-4031-90c6-9bad00faf1b4,2020-07-17,6,1604,74,11,22,21,20,13,34,0,11,2,20,2,286
f7bc84f6-85f8-46ed-8301-2031ca7ec6bd,2020-07-18,8,1612,74,14,23,18,19,12,33,0,11,1,19,0,286
0528c59e-a92b-4db2-a241-d70c40e885e7,2020-07-19,4,1616,74,11,24,20,19,14,34,0,12,2,19,1,287
fb1600f9-f881-4247-99f3-fca23c89d140,2020-07-20,3,1619,71,12,25,16,18,14,30,0,11,2,18,0,287
b7708e93-25b3-4d52-95cc-596989ab7f7d,2020-07-21,10,1629,78,16,22,18,22,13,30,0,10,2,22,1,288
84b31de9-1b0f-4655-a204-05dda694ac64,2020-07-22,17,1646,92,26,27,18,21,12,30,0,10,2,21,2,290
501250e5-1a33-44f5-8a48-06a9f373ca01,2020-07-23,10,1656,91,22,25,24,20,14,34,0,10,2,20,1,291
7dfe6697-72e0-4245-b279-d4a5b0dc92d4,2020-07-24,9,1665,94,22,26,30,16,15,25,0,10,2,16,1,292
4997e76e-0ed1-45b1-a280-ec701e5afa36,2020-07-25,9,1674,92,20,30,27,15,14,25,0,9,1,15,1,293
683cc20c-82c5-4286-bf3f-2cfb53e6fa59,2020-07-26,5,1679,91,20,31,26,14,14,27,0,9,1,14,0,293
7c34e3c3-0ec3-4ec5-91f5-aaafbf81baba,2020-07-27,22,1701,109,29,37,26,17,16,30,0,11,1,17,1,294
f97719cb-af52-4592-aa63-840a0253cae9,2020-07-28,11,1712,114,30,36,31,17,16,30,0,12,1,18,0,294
574d6a9e-e962-4726-b478-76a9e04472c1,2020-07-29,15,1727,116,27,36,35,18,18,33,0,13,1,19,0,294
8b63cd07-be60-4a13-bed9-1a06138a4af9,2020-07-30,12,1739,117,22,35,40,20,18,35,0,14,1,20,2,296
5e130406-6922-4e1c-9984-7ad0aa693e83,2020-07-31,12,1751,114,25,30,40,19,17,32,0,11,1,19,2,298
14a0ea0a-3c7a-475d-a5b8-362e479b4366,2020-08-01,8,1759,116,26,35,36,19,15,30,0,10,1,19,1,299
fa5e6a41-9b9b-49fd-bd36-7ccb4d2840c7,2020-08-02,3,1762,109,23,34,34,18,15,27,0,12,1,19,1,300
510c449a-2941-4a98-82f2-844085a7dad0,2020-08-03,10,1772,113,25,33,39,16,14,35,0,10,1,16,2,302
dc7d671f-c177-451a-beb4-e40bbec19664,2020-08-04,14,1786,115,20,45,37,13,14,35,0,9,1,13,0,302
8c0aae04-919a-49d6-b743-6985ac478d53,2020-08-05,9,1795,110,20,45,30,15,15,24,0,8,1,15,1,303
7d4e1ddc-c734-4846-91af-51e82b98d625,2020-08-06,4,1799,105,19,44,28,14,15,22,0,10,1,14,1,304
8e6510b3-bcfd-4bea-88d8-f9d26163dda6,2020-08-07,14,1813,106,16,45,29,16,17,22,0,10,1,16,0,304
b1c71a86-2ba1-4b07-bf8c-80d144204cd2,2020-08-08,9,1822,104,17,41,30,16,12,21,0,8,1,16,0,304
4ae071e9-b5e4-43b8-9f27-c6f1a310ab1f,2020-08-09,13,1835,107,15,48,27,17,20,27,0,11,1,17,0,304
c40ba538-ed0f-4c23-83a3-5eeace1cd6bb,2020-08-10,12,1847,113,21,42,27,23,22,29,0,14,1,23,0,304
8e18f572-63dc-4e1d-af66-2795931fd3a8,2020-08-11,8,1855,110,17,39,31,23,21,31,0,14,1,23,2,306
58b365f4-b320-42ef-b729-4ff8fab0394e,2020-08-12,13,1868,101,9,36,34,22,22,29,0,15,1,22,0,306
a8e5134e-3bde-4fb4-a102-506c3ef59ba4,2020-08-13,13,1881,106,10,35,38,23,23,30,0,16,1,23,1,307
fa8ad074-d9da-43bd-8703-42e9532e555e,2020-08-14,19,1900,113,7,45,37,24,22,33,0,16,1,24,2,309
acd4de9a-7d61-4c21-8130-9c3f9234e512,2020-08-15,12,1912,103,6,43,28,26,21,34,0,15,1,26,1,310
28918684-df48-402a-8c49-5d5759f204a6,2020-08-16,11,1923,101,6,40,31,24,21,32,0,17,1,25,2,312
b8c33d6d-5fc4-416e-8620-b5421a377a5b,2020-08-17,16,1939,113,10,50,27,26,22,24,0,18,1,27,3,315
55770a03-2558-4fbc-b257-fe976a34b7d3,2020-08-18,6,1945,103,8,43,27,25,25,27,0,18,1,26,0,315
f84d546f-3cf4-4427-ade5-c5c343320fc2,2020-08-19,14,1959,108,7,46,31,24,27,26,0,20,1,25,3,318
8f4f5c07-69e9-45d0-93ca-558a14450302,2020-08-20,22,1981,116,8,49,35,24,26,33,0,20,1,24,3,321
90410b5d-dad3-453a-bda0-6da6bd89f58d,2020-08-21,22,2003,119,11,46,38,24,24,34,0,18,1,24,2,323
84de71d8-cad4-40c3-80aa-aeae30598e2e,2020-08-22,14,2017,124,8,54,36,26,26,36,0,19,1,26,0,323
ad875a7c-3a16-4f48-ab14-5dc94c516685,2020-08-23,10,2027,128,10,53,41,24,29,46,0,19,1,24,2,325
1b592a60-0235-40d1-a0bb-73da42a1fb93,2020-08-24,9,2036,129,10,48,39,32,33,47,0,21,1,32,1,326
79529693-93c2-4b4c-b2f9-3265fad8ff49,2020-08-25,16,2052,131,13,53,33,32,29,41,0,19,1,32,2,328
997c82f1-80e0-4fb7-99f8-c819be509d80,2020-08-26,15,2067,136,9,62,33,32,31,41,0,20,0,33,1,329
4f3a6576-26a9-4dd8-aca8-0efc1f5e81d7,2020-08-27,21,2088,147,12,52,51,32,34,49,0,22,0,33,0,329
b4ee4dcf-9ca2-464e-8cf2-662b2fcc1ffe,2020-08-28,23,2111,156,9,53,57,37,37,62,0,22,0,37,0,329
ec06c2d1-710a-4a69-922b-d47105d90cfe,2020-08-29,15,2126,155,11,50,58,36,37,58,0,25,0,36,3,332
dc25ccba-12e4-4745-8f25-2e1a03ea74a0,2020-08-30,15,2141,154,7,57,54,36,39,58,0,25,0,36,1,333
c422cff7-bcb4-4972-9b9f-388442c66d21,2020-08-31,22,2163,171,8,67,60,36,40,57,0,26,0,36,1,334
01f11d0a-3e56-4de2-8731-bf9250570977,2020-09-01,20,2183,178,10,70,57,41,45,60,0,27,0,41,1,335
adca1d84-8c36-436a-8f81-f18065878683,2020-09-02,19,2202,180,15,66,57,42,49,53,0,29,0,42,0,335
e66ebda0-e772-44f0-a482-cc8217090a21,2020-09-03,36,2238,195,20,74,57,44,46,55,0,32,0,44,4,339
502d82ea-7f83-44a6-9b11-55e4ad3a765e,2020-09-04,34,2272,207,16,82,60,49,51,56,0,34,1,50,2,341
8fd5d344-be52-40b9-9595-5979c0a446cc,2020-09-05,33,2305,209,12,78,67,52,49,67,0,34,0,52,4,345
c5738199-6775-4c89-ba46-66289c7abb9f,2020-09-06,20,2325,220,12,81,71,56,52,74,0,36,0,56,3,348
a941c3d3-fc8b-4bb5-851a-7124b8e79d69,2020-09-07,45,2370,256,16,97,78,65,53,85,0,40,0,66,1,349
7577b25f-b93b-47b8-8eda-b4105dd10993,2020-09-08,27,2397,253,20,84,92,57,50,86,0,37,1,57,4,353
37ecf0c5-98cb-4eb9-95fb-075f08cecc10,2020-09-09,47,2444,266,18,85,102,61,55,102,0,40,1,62,3,356
1770fc7a-5806-4a45-89a9-6f63fdd0ae96,2020-09-10,35,2479,272,15,86,104,67,58,103,0,42,1,67,3,359
18e3dd27-0502-4ebe-912a-50ae77b79a78,2020-09-11,57,2536,310,14,114,116,66,62,123,0,44,1,67,3,362
4182f425-781a-44b8-8be3-4bb7a745ab3d,2020-09-12,31,2567,283,14,96,110,63,57,118,0,42,1,64,4,366
99f590b8-966a-46b2-a3c5-d1d8c1f39519,2020-09-13,46,2613,305,12,108,120,65,63,131,0,45,1,66,3,369
2f16f819-e97d-4977-b2fb-b28aaccb7d99,2020-09-14,52,2665,339,20,124,120,75,70,135,0,42,1,75,4,373
4e8fe6ad-4202-4851-94d7-c7221347e8bc,2020-09-15,78,2743,369,21,152,122,74,70,145,0,42,1,74,6,379
d3cfe0b3-e4db-4f74-a885-dbf39ae06942,2020-09-16,73,2816,399,24,161,134,80,74,166,0,43,2,80,7,386
cb84be29-e0b7-4709-9701-535d18ffc33a,2020-09-17,135,2951,495,32,205,167,91,81,193,0,50,4,91,5,391
eb1aedd5-2afd-4f44-b013-bcb6410bbf0a,2020-09-18,86,3037,525,41,195,193,96,98,206,0,58,4,97,11,402
928d221d-8f5e-4b85-89d3-17b6e85d19af,2020-09-19,74,3111,508,30,188,197,93,112,221,0,57,3,94,6,408
d72d6aee-e1a2-4ae6-80d6-6ff3cf601294,2020-09-20,59,3170,532,23,200,203,106,122,233,0,59,3,107,5,413
fb7a345a-f139-45b8-8303-6f24129af204,2020-09-21,105,3275,613,32,237,231,113,144,268,0,71,3,114,14,427
83edc809-6ced-4866-b558-5cad17627e15,2020-09-22,105,3380,637,42,238,237,120,137,270,0,75,2,123,10,437
a541ab39-177b-43d7-8cf5-bcc6fb7c2608,2020-09-23,138,3518,710,52,258,265,135,147,307,0,80,2,139,19,456
dfac943b-2948-49bf-9768-85fd3d8375a1,2020-09-24,143,3661,768,52,270,291,155,157,347,0,93,4,157,9,465
7c988fd0-1d1b-4fdb-98c2-135b35c51236,2020-09-25,135,3796,825,48,296,317,164,158,382,0,96,3,167,8,473
930ec7fa-c1ca-4d62-802b-c447eeb8e9fe,2020-09-26,106,3902,797,33,254,326,184,163,401,0,98,3,187,14,487
8d30f39e-c294-4802-bba7-f5c14345ebb1,2020-09-27,117,4019,823,33,268,334,188,178,412,0,107,3,193,15,502
60fa7dea-1d3d-4df6-be5b-1032f511df43,2020-09-28,100,4119,845,34,290,324,197,191,443,0,101,2,198,9,511
aa250ae7-3e64-4704-86b6-84df114fe142,2020-09-29,188,4307,998,64,350,380,204,197,469,0,109,1,206,18,529
fc421d26-7604-46c1-9c9a-19dddc1f89c5,2020-09-30,193,4500,1062,78,365,423,196,196,500,0,111,2,197,10,539
08be3cf8-cba0-471d-bb9e-8ef4cfd46609,2020-10-01,200,4700,1164,70,413,449,232,219,535,0,126,3,233,19,558
9244a7c7-6cdb-43ef-ac49-3d884be3babe,2020-10-02,211,4911,1241,64,439,494,244,225,571,0,127,3,245,18,576
d006e44f-8c75-4d46-b1d3-af42c7f23340,2020-10-03,148,5059,1209,44,418,484,263,254,600,0,127,2,264,11,587
a10e7850-29c4-4eec-94f5-38bc251a9b1b,2020-10-04,165,5224,1281,50,421,545,265,268,626,1,130,2,266,25,612
8334856b-ee5f-4ce0-8bc6-833cd5596b9e,2020-10-05,296,5520,1488,90,470,614,314,282,692,2,146,3,321,24,636
c669f9cb-2379-4827-be04-b661da8e90b8,2020-10-06,296,5816,1634,117,525,661,331,316,736,2,156,4,336,29,665
fe941479-bbaf-45e8-af3d-45a0189f863a,2020-10-07,330,6146,1786,162,539,721,364,346,818,11,173,4,369,42,707
b664d7a2-2477-4220-919a-5acf4af7401c,2020-10-08,358,6504,1957,185,607,761,404,358,898,24,175,4,407,22,729
facdc476-0022-4e64-a2a9-c831ee19ada0,2020-10-09,362,6866,2149,207,631,898,413,389,965,56,192,5,419,53,782
04e608ff-7081-4009-ac3e-926192962344,2020-10-10,277,7143,2168,216,592,923,437,420,1024,63,206,4,442,41,823
332eaea5-bc97-4919-aa93-611f06d14478,2020-10-11,254,7397,2220,201,632,977,410,411,1093,60,193,3,414,35,858
08ac902b-2a32-45c0-837d-b5c73c6623b9,2020-10-12,499,7896,2579,274,805,1032,468,435,1178,66,217,2,475,58,916
6df5b8d9-88ae-4ddf-8b17-d81fb9cc8e5d,2020-10-13,454,8350,2692,312,822,1063,495,452,1195,72,234,4,501,47,963
c26c73ab-e3d3-46ae-b879-720f487a7c52,2020-10-14,534,8884,2990,327,930,1212,521,478,1322,73,245,5,523,54,1017
709db57b-29d8-460e-9d6d-1f2f494a28e1,2020-10-15,501,9385,3207,346,915,1406,540,514,1502,79,269,7,543,48,1065
992155ee-46d6-4176-bfce-fd4252832bff,2020-10-16,582,9967,3452,355,1037,1487,573,555,1604,85,290,9,578,63,1128
a2829ec3-cd3f-4b2a-917b-470f8c77e66b,2020-10-17,503,10470,3552,321,1073,1603,555,573,1672,88,302,10,559,71,1199
ae89f71b-6287-4f51-8b5a-cdd33b2c810b,2020-10-18,483,10953,3713,274,1188,1689,562,598,1775,94,312,12,566,59,1258
3e4f76ad-f427-48c4-9398-53b76d3e8264,2020-10-19,697,11650,4154,340,1345,1856,613,622,1897,89,329,14,619,93,1351
7b07a924-98ea-4ffc-ba92-71db21a3bc9d,2020-10-20,748,12398,4450,376,1443,1991,640,642,2035,104,344,14,642,88,1439
9961dd42-ae77-459b-a76b-408233f7b0fa,2020-10-21,923,13321,4868,452,1600,2114,702,704,2185,119,362,14,709,113,1552
3c72ac89-cb22-4269-b954-dcfa89a1c481,2020-10-22,840,14161,5107,498,1670,2220,719,751,2325,120,382,13,729,104,1656
18a2d982-9f8f-4576-87f4-e13d711abb23,2020-10-23,912,15073,5455,582,1792,2336,745,762,2387,125,379,16,752,114,1770
60544a8f-f7e4-4616-bed2-8f9784070927,2020-10-24,701,15774,5372,526,1694,2391,761,760,2502,147,377,12,770,119,1889
34c64851-6fb6-4c39-b9d7-1ccdc9328fa4,2020-10-25,714,16488,5683,569,1798,2506,810,802,2639,145,387,6,814,125,2014
52a6f995-eaae-4681-b92e-40e482815bb5,2020-10-26,1086,17574,6200,620,1974,2728,878,884,2844,152,433,5,883,142,2156
6562a1f6-a88c-465e-9103-7a4880436c83,2020-10-27,1026,18600,6533,708,2054,2835,936,876,2978,153,457,5,941,162,2318
64548c30-f3ae-4f7e-9d6c-8a14ff021a24,2020-10-28,823,19423,6573,686,1998,2885,1004,888,3039,178,468,6,1013,145,2463
a2d92ea9-aea1-419c-869d-5ad58ef453ba,2020-10-29,1027,20450,7273,865,2277,3095,1036,995,3255,190,523,8,1048,176,2639
ef77b2a3-797a-4457-afd3-f597fd62eaa7,2020-10-30,1175,21625,7657,880,2488,3208,1081,1030,3306,192,535,7,1093,195,2834
434770cc-728e-4461-bec4-344527a5182d,2020-10-31,694,22319,7333,822,2287,3108,1116,1069,3369,204,561,7,1125,166,3000
4359e6f9-e643-4ce6-8645-b1a0c34fc59e,2020-11-01,622,22941,7462,809,2271,3240,1142,1118,3452,208,577,7,1144,187,3187
120e0656-3f91-43e5-839d-d492d3e6baea,2020-11-02,1050,23991,8037,930,2586,3333,1188,1154,3569,224,605,7,1194,193,3380
eaaeb990-3488-4f42-831f-61ae857c4726,2020-11-03,1035,25026,8136,926,2642,3361,1207,1180,3593,226,627,9,1213,232,3612
21f39f73-10e7-4d89-9bf4-3b0a9b500b7b,2020-11-04,967,25993,8213,967,2739,3361,1146,1166,3568,226,605,8,1153,197,3809
72274d41-651f-42dd-bdf7-33218164a982,2020-11-05,859,26852,8224,959,2782,3331,1152,1176,3495,236,596,9,1158,170,3979
aa966a4b-a024-4347-9647-bb1f2d58e641,2020-11-06,904,27756,8143,912,2787,3277,1167,1212,3437,275,603,12,1172,180,4159
967cf350-a593-49c7-b40f-159aaa5237aa,2020-11-07,542,28298,7509,797,2432,3157,1123,1157,3363,271,584,12,1127,179,4338
604f8e1d-1e2f-4792-ba6d-b0ff72d7a409,2020-11-08,502,28800,7486,755,2394,3208,1129,1167,3367,282,583,13,1134,171,4509
844fa8a8-5eaa-485f-ac7d-7a34d3f56b87,2020-11-09,847,29647,7783,890,2605,3158,1130,1181,3305,283,609,19,1139,152,4661
c89801d2-beaf-4e32-a501-ea2def0bcf1a,2020-11-10,838,30485,7596,907,2515,3090,1084,1169,3208,300,604,19,1090,191,4852
4d005bad-13ff-4c1f-a30f-3b50e2c0e64c,2020-11-11,716,31201,7364,918,2433,2975,1038,1110,2975,292,582,18,1049,163,5015
5d83f9c7-f2e3-44b1-9651-903ea042685f,2020-11-12,686,31887,7202,942,2326,2870,1064,1105,2897,321,557,17,1078,153,5168
1518e767-e21a-46fe-a408-63d0ff667cf7,2020-11-13,793,32680,7117,950,2335,2786,1046,1101,2755,330,545,16,1060,158,5326
0486b54d-8924-4178-a601-616ac507700f,2020-11-14,443,33123,6573,836,2095,2617,1025,1068,2634,332,526,15,1036,161,5487
7fd10a63-0020-4765-9c72-1ef6740255bb,2020-11-15,355,33478,6420,788,2058,2562,1012,1045,2560,315,517,15,1020,130,5617
6f8c54a9-0794-4d29-94b3-8ed55aca4665,2020-11-16,676,34154,6654,891,2250,2550,963,1040,2566,291,503,15,972,142,5759
a8fc174d-0522-4de7-8673-fd908df18600,2020-11-17,423,34577,6187,788,2023,2478,898,996,2489,285,470,14,911,114,5873
70707969-e09c-400b-8342-6b366d0e85c0,2020-11-18,688,35265,6567,936,2277,2462,892,1007,2450,285,473,16,904,135,6008
5b1c3a1b-cf63-45d7-92bc-4f6b9511c234,2020-11-19,564,35829,6327,837,2227,2376,887,974,2371,284,465,18,896,112,6120
823793a7-8f24-4897-bf9b-0c7efdec6b72,2020-11-20,502,36331,6084,831,2114,2311,828,960,2273,279,445,20,836,101,6221
da5ad2e4-4643-4faf-bf2b-82ce2f78c185,2020-11-21,327,36658,5426,672,1736,2197,821,944,2152,279,449,23,829,118,6339
fd0cf23d-a7da-4efd-b9cd-1c1ae9780b32,2020-11-22,274,36932,5372,638,1758,2161,815,958,2136,275,446,23,824,100,6439
6963d723-53b2-4441-9b05-f8b2fa358e7a,2020-11-23,555,37487,5725,833,1908,2159,825,950,2163,274,437,21,832,112,6551
8cdfd31d-eb65-4dd4-8eb4-e787c4dd3ec9,2020-11-24,594,38081,5551,815,1856,2085,795,881,2103,278,407,22,804,110,6661
b84a0c23-0a3f-4b16-a6ba-a552f0f4afa6,2020-11-25,477,38558,5328,768,1770,2039,751,856,2027,266,390,19,762,105,6766
52c7aa26-55b2-4e54-b8e3-0e7cfe0ef12a,2020-11-26,450,39008,5173,753,1735,1937,748,843,1935,260,395,18,757,114,6880
611ff736-0bb0-4c9c-9b0c-38c487d6c5dc,2020-11-27,414,39422,4961,742,1645,1864,710,800,1812,240,369,17,716,119,6999
1f0a7c13-b687-4610-a461-b6030e268676,2020-11-28,269,39691,4480,566,1436,1821,657,780,1508,232,359,12,661,98,7097
83424c6e-e85b-44b4-b0a2-0885b0ed8c4e,2020-11-29,289,39980,4546,618,1441,1844,643,765,1547,238,342,12,646,78,7175
2ab0dd32-67af-45c3-a60a-301b9bf8e7e9,2020-11-30,507,40487,4839,696,1630,1842,671,791,1541,240,350,11,673,110,7285
a14c14ca-a47e-4199-acf5-dbeda8b9ee09,2020-12-01,450,40937,4663,673,1561,1833,596,733,1531,219,322,10,599,95,7380
d3ebf195-c6bc-44d0-9831-a51bb66d59fa,2020-12-02,445,41382,4559,660,1547,1756,596,717,1471,227,309,11,599,99,7479
7346ce5c-1277-4999-8652-eef27223bb9e,2020-12-03,499,41881,4536,607,1544,1798,587,718,1465,237,295,11,590,90,7569
68257e6e-7151-4290-aafd-d52112949119,2020-12-04,498,42379,4475,666,1449,1778,582,715,1496,227,294,11,586,80,7649
219266dd-8be5-4cd1-8131-6483391a0a2c,2020-12-05,280,42659,4109,560,1246,1734,569,692,1482,212,301,11,571,104,7753
390bdc68-2cd5-485a-ba12-caf8c978593f,2020-12-06,301,42960,4157,543,1294,1759,561,680,1508,219,298,12,564,80,7833
22edfd28-9216-4694-8d7b-c27cc8a12052,2020-12-07,516,43476,4509,648,1452,1842,567,714,1556,226,293,11,570,85,7918
cc783089-9c23-44e5-8a78-86b37e8da000,2020-12-08,468,43944,4406,630,1392,1825,559,702,1528,223,290,8,562,80,7998
a23df972-114b-45db-8e06-ed1d04a39fee,2020-12-09,546,44490,4461,602,1455,1863,541,687,1571,217,281,10,544,73,8071
3a6d94d5-d26a-4a58-9955-4936bc122afc,2020-12-10,499,44989,4561,605,1532,1861,563,712,1590,215,300,7,566,99,8170
3080426d-ce7e-4cbf-b801-e41e12de231d,2020-12-11,454,45443,4536,597,1517,1839,583,702,1562,214,313,9,584,99,8269
8c7ae58f-1c02-4524-a844-425ae2569d20,2020-12-12,372,45815,4315,514,1372,1863,566,696,1604,227,307,6,570,86,8355
58f29728-a117-4008-87c0-9daa4397e5c8,2020-12-13,340,46155,4414,503,1410,1922,579,710,1642,221,305,7,582,97,8452
f8eda10f-ac2c-4876-83e3-f10d9775f455,2020-12-14,546,46701,4775,680,1523,1964,608,728,1681,246,315,9,611,113,8565
9cf7fd69-452e-4bf7-8ce9-0c81c8004266,2020-12-15,573,47274,4747,660,1484,2006,597,725,1705,234,311,9,599,99,8664
64129ee7-fb15-4a7f-901e-62990408639f,2020-12-16,489,47763,4715,638,1465,2009,603,735,1690,241,313,9,604,101,8765
a163b1d2-dfc6-487e-936d-3fffe126f8ab,2020-12-17,528,48291,4779,702,1507,1970,600,725,1652,251,304,9,601,96,8861
a8b0f17a-bad9-42c0-b58e-7e5f49811c0c,2020-12-18,528,48819,4782,690,1519,1971,602,729,1653,254,314,9,603,93,8954
2826e4dd-dcbe-4a02-b4ad-4cab4dd63e6b,2020-12-19,334,49153,4483,583,1381,1919,600,746,1645,266,309,10,601,102,9056
60177bde-409c-4bc2-b431-8e00244c0257,2020-12-20,375,49528,4579,550,1438,1974,617,755,1680,272,304,11,618,86,9142
b104f875-c5ae-4af1-a774-f49ce1bc966d,2020-12-21,557,50085,4959,688,1641,2000,630,765,1680,275,309,10,631,90,9232
acd091c8-8258-4652-8fe1-3c8a5d650afa,2020-12-22,634,50719,4937,613,1632,2053,639,770,1715,271,322,8,640,92,9324
ea646c20-82b5-47da-87ad-ebb4be93cfe0,2020-12-23,641,51360,4973,625,1577,2101,670,780,1737,277,335,10,672,104,9428
6152c386-c6be-495b-ac56-5d76967c11d1,2020-12-24,370,51730,4310,449,1284,1930,647,749,1647,279,322,10,648,99,9527
d5d8d902-c183-49be-9180-a6ad39c30c52,2020-12-25,471,52201,4386,446,1275,2006,659,769,1751,282,332,8,659,88,9615
13786484-751e-44d3-85dc-ed11f61893ed,2020-12-26,528,52729,4651,436,1378,2135,702,806,1864,300,351,10,702,116,9731
6e42bc0c-8653-481c-9ae1-22e60f89ddd0,2020-12-27,560,53289,4966,458,1481,2294,733,846,1990,307,369,12,733,100,9831
8ae31828-3512-4599-946f-c03ba4037e40,2020-12-28,873,54162,5726,581,1700,2660,785,906,2299,330,391,14,786,120,9951
26df1363-5ba0-49b2-ab4f-ae505369713a,2020-12-29,931,55093,5977,588,1796,2744,849,941,2359,371,412,15,850,123,10074
bc760323-94fa-4ae7-a0fa-0e17fd801b6c,2020-12-30,810,55903,6142,574,1832,2871,865,956,2482,369,426,18,866,140,10214
bf0d4ca3-e2dc-46e8-876b-388c51c8c261,2020-12-31,769,56672,6163,563,1816,2902,882,974,2503,384,435,18,883,115,10329
0c318902-8be1-40fb-9201-6e1d50033515,2021-01-01,580,57252,5669,436,1501,2837,895,951,2502,403,435,15,896,143,10472
beb3995f-150f-4e54-86c4-187c32a3fc84,2021-01-02,691,57943,5973,428,1622,3022,901,962,2688,394,456,16,902,134,10606
d58f8f06-4613-4265-b617-5cdf4caf8d65,2021-01-03,652,58595,6286,448,1737,3162,939,1008,2804,402,475,18,940,125,10731
0ea04016-72df-4780-91ec-806d707f7533,2021-01-04,998,59593,7224,631,2113,3480,1000,1093,3027,426,512,20,1000,133,10864
05212bef-c99f-4ea7-a8e0-f7eb8b287ed5,2021-01-05,1010,60603,7412,660,2208,3495,1049,1114,3057,454,535,19,1049,158,11022
4cba5d94-74ba-4d76-b312-f30c43fd74a2,2021-01-06,908,61511,7404,575,2205,3534,1090,1153,3088,474,555,20,1091,144,11166
5e6afccb-a6f5-49fb-94ac-9404858386d5,2021-01-07,925,62436,7562,642,2210,3581,1129,1150,3085,488,564,22,1130,174,11340
594d8b20-6eee-429e-a6bd-5540abc5b01f,2021-01-08,806,63242,7351,641,2172,3411,1127,1143,2943,535,534,21,1128,181,11521
83e681ad-16fd-470a-a4f1-287e3dab3a94,2021-01-09,586,63828,6774,492,1831,3356,1095,1150,2975,517,530,20,1095,153,11674
7404061b-c97c-4363-9392-cbe8e764a80a,2021-01-10,545,64373,6881,491,1907,3361,1122,1177,2985,522,549,20,1122,160,11834
ee40fd53-c3d6-4671-b579-5ec74d9fb28f,2021-01-11,858,65231,7427,689,2128,3439,1171,1190,2987,544,566,20,1171,150,11984
84aaa9e6-54d4-403f-b27a-106e2a58b0e7,2021-01-12,856,66087,7484,721,2072,3532,1159,1179,3058,520,565,17,1159,160,12144
77092c9d-8095-42a2-81d5-7cae4d10c0b6,2021-01-13,695,66782,7313,683,2084,3398,1148,1175,2976,512,571,13,1149,153,12297
3f236d8a-3812-4ec4-a11c-13d36589b243,2021-01-14,663,67445,7234,699,2012,3371,1152,1186,2932,495,589,14,1152,169,12466
7dd75e3f-042f-408c-8275-0d4b332db578,2021-01-15,717,68162,7153,736,1982,3284,1151,1177,2879,487,601,15,1151,157,12623
7dee8549-a186-4ffa-b590-a7d22940e8ee,2021-01-16,451,68613,6533,582,1687,3121,1143,1168,2765,494,591,16,1143,135,12758
da06846a-cb61-4b03-8d2e-d6f582f05862,2021-01-17,406,69019,6506,590,1717,3072,1127,1139,2751,486,597,14,1127,140,12898
54808f0e-193b-4864-b34e-a2175bb56b34,2021-01-18,702,69721,6969,766,1959,3111,1133,1163,2706,486,594,15,1133,144,13042
42a45cce-2576-4a8d-be55-71d71f20c3a2,2021-01-19,703,70424,6701,709,1895,2989,1108,1144,2643,484,584,15,1109,138,13180
d5ba8ed1-91df-4959-b870-3432cf354cbf,2021-01-20,678,71102,6538,619,1833,2986,1100,1119,2600,491,565,16,1100,139,13319
21e9ead8-a6dc-4a09-a1d5-95df740d6419,2021-01-21,580,71682,6408,627,1752,2955,1074,1112,2593,486,558,19,1075,137,13456
60429fd5-d182-4d5d-aa0b-e490ea52bb68,2021-01-22,610,72292,6391,604,1760,2928,1099,1114,2561,489,541,17,1099,124,13580
844f0fff-7132-4330-8ff1-641508bbdd70,2021-01-23,453,72745,5876,453,1523,2826,1074,1094,2527,483,536,19,1074,128,13708
a5cd6b73-d9e6-4f06-b537-b85966abd188,2021-01-24,382,73127,5913,441,1555,2853,1064,1059,2528,463,539,18,1064,130,13838
4bcfba79-a0b0-4b6e-bde1-589e82da4911,2021-01-25,660,73787,6338,603,1817,2875,1043,1084,2550,467,541,17,1043,126,13964
edcb59ce-d587-4cac-bdee-d011751185ae,2021-01-26,644,74431,6306,575,1770,2919,1042,1047,2532,444,548,15,1042,134,14098
3791e4d9-e2d2-4af2-88a5-362a7e2269e7,2021-01-27,586,75017,6159,576,1742,2833,1008,1039,2427,424,549,17,1008,145,14243
f539a569-6e8f-46f2-9870-5a2d9a365d6c,2021-01-28,558,75575,6042,570,1708,2760,1004,1018,2370,423,543,16,1004,119,14362
c29e3448-d77e-43cb-8d4b-27fe31439fbe,2021-01-29,616,76191,5978,570,1708,2721,979,1020,2352,425,515,16,979,145,14507
227872d8-e0b0-4d4c-8471-f2aeb6e78457,2021-01-30,425,76616,5517,422,1424,2711,960,1022,2387,392,521,16,960,106,14613
783464b0-1c20-4096-8e46-9916503bb5cc,2021-01-31,386,77002,5561,417,1457,2718,969,1040,2383,400,528,17,969,105,14718
2c7242b9-b78e-499e-ba19-630f441fc22c,2021-02-01,741,77743,6100,550,1690,2838,1022,1078,2467,427,545,19,1022,116,14834
b8be43e8-999c-4430-9166-d162be447433,2021-02-02,637,78380,5988,485,1697,2773,1033,1090,2402,457,531,17,1033,124,14958
a2f4260a-fd71-4c7f-9436-115d3271240c,2021-02-03,617,78997,5960,483,1672,2789,1016,1076,2425,452,530,16,1016,124,15082
1f418394-ffbd-46e0-9e3d-d78ee79a8bdb,2021-02-04,642,79639,5999,495,1677,2796,1031,1102,2405,448,547,17,1031,118,15200
16283beb-dc5f-48e9-829f-032e09a99eea,2021-02-05,591,80230,5984,504,1689,2748,1043,1087,2376,462,540,17,1043,110,15310
8296b7f8-a93d-4517-80be-efc366e750a5,2021-02-06,476,80706,5651,406,1503,2699,1043,1070,2355,461,526,17,1043,119,15429
4cae66c0-2721-491c-90e7-d7f6ce067d77,2021-02-07,434,81140,5791,448,1526,2764,1053,1098,2418,455,545,14,1053,113,15542
4f0aac0b-97dd-4526-9c9c-e5fe0f4f169b,2021-02-08,689,81829,6230,568,1725,2848,1089,1107,2478,481,539,15,1089,125,15667
9b91685c-2c35-45c7-9ad9-714f76a3bfc1,2021-02-09,657,82486,6154,581,1621,2859,1093,1094,2499,510,526,12,1093,119,15786
cf2355fc-ecdd-4e4c-8950-573e0e6a6d80,2021-02-10,637,83123,6083,545,1668,2775,1095,1111,2432,516,524,13,1095,119,15905
0405f3c9-0601-4129-a554-5f51fa01c70a,2021-02-11,632,83755,6062,544,1603,2804,1111,1117,2465,516,546,16,1111,120,16025
c2b29f85-1d16-4c7a-9583-373ef8aa7239,2021-02-12,615,84370,5995,536,1592,2763,1104,1115,2412,502,558,15,1104,130,16155
4c25b234-7aed-4ed4-b19d-5a58ebffd0cc,2021-02-13,477,84847,5680,390,1362,2824,1104,1108,2481,518,563,16,1104,100,16255
f9010538-3f00-4832-9e24-a78dfb4c9e55,2021-02-14,537,85384,5891,388,1394,2961,1148,1148,2599,542,581,14,1148,128,16383
2701ecff-0b70-4236-b2a3-01f4f68a9426,2021-02-15,726,86110,6388,505,1626,3059,1198,1174,2634,594,571,16,1198,109,16492
381b3e69-e7b9-46ff-9636-4c82d4074101,2021-02-16,764,86874,6421,514,1609,3066,1232,1217,2670,595,596,17,1232,136,16628
337c7fd5-5b96-437b-9717-cc2eabb3a5fc,2021-02-17,800,87674,6500,458,1625,3141,1276,1245,2733,619,609,17,1276,120,16748
f232b315-3559-4f32-bf7c-b46f3a2ebba2,2021-02-18,732,88406,6611,435,1688,3198,1290,1270,2777,620,618,18,1290,160,16908
493821df-afcb-41fa-a740-bb71166a3f46,2021-02-19,780,89186,6615,437,1734,3143,1301,1273,2696,625,636,16,1301,166,17074
1012d1b5-e232-41da-b310-ae3a1f27a293,2021-02-20,561,89747,6214,351,1468,3099,1296,1270,2705,601,656,16,1296,156,17230
d9ab255c-5e44-4ef8-89f7-0176ac0eca1f,2021-02-21,595,90342,6419,393,1492,3221,1313,1286,2824,615,664,17,1313,133,17363
2ce25f23-55ff-49ef-a30f-b97bde5e275b,2021-02-22,921,91263,7114,500,1756,3462,1396,1364,3019,678,681,21,1396,146,17509
e3434dc3-41d6-45fd-a654-388a62118438,2021-02-23,853,92116,7148,479,1760,3475,1434,1391,3040,717,693,24,1434,135,17644
630e8386-9276-4a9c-8281-47becb137c77,2021-02-24,846,92962,7238,445,1829,3500,1464,1410,3048,735,680,25,1464,133,17777
93f15c1e-594e-45b6-b8bc-6ed4848fc9f4,2021-02-25,921,93883,7463,438,1889,3577,1559,1464,3059,779,729,27,1559,162,17939
ff3f40af-243a-4874-92a4-a9646afd5272,2021-02-26,908,94791,7569,465,1918,3654,1532,1440,3144,758,721,26,1532,181,18120
1ca8711d-4ffa-4688-881c-21311cf77f72,2021-02-27,716,95507,7259,360,1583,3768,1548,1471,3252,775,716,24,1548,167,18287
35d727f5-e06d-41f6-964e-be48d67e153b,2021-02-28,650,96157,7525,365,1670,3909,1581,1508,3389,781,742,17,1582,164,18451
4bbf2102-451f-4313-9c82-a8f310c78291,2021-03-01,1156,97313,8340,495,2024,4155,1666,1588,3598,828,782,19,1667,188,18639
fcd4ddeb-4319-4f9c-812d-54af92e0911a,2021-03-02,1050,98363,8524,514,2062,4227,1721,1598,3643,854,800,17,1721,182,18821
42ff7e81-ee78-4d45-8231-72c001ef85c7,2021-03-03,866,99229,8476,507,2044,4179,1746,1628,3620,865,808,17,1746,185,19006
ebb9157c-6850-4027-a0ee-046e3adce10a,2021-03-04,924,100153,8482,502,1928,4273,1779,1657,3703,871,831,20,1779,202,19208
92f2e0ce-625a-47b1-aae2-ca8f0129d3dd,2021-03-05,906,101059,8544,500,1961,4309,1774,1674,3733,864,845,22,1774,174,19382
63207f65-4503-461e-9a9f-17afbe1dbc52,2021-03-06,747,101806,8191,383,1677,4360,1771,1676,3815,864,855,23,1771,189,19571
f81dec3d-95f5-4e8b-85bf-8ab293936ef3,2021-03-07,713,102519,8416,359,1802,4434,1821,1681,3904,891,875,24,1821,180,19751
e145aa11-60d9-42f2-8133-ab770c7e8cf2,2021-03-08,1044,103563,9091,508,2147,4533,1903,1777,3957,918,923,32,1903,214,19965
a84bdd6b-dccc-4597-966e-124de61c39da,2021-03-09,980,104543,9056,473,2078,4571,1934,1804,3970,969,912,27,1934,211,20176
393923c7-5fba-42e3-afe3-374d479d657e,2021-03-10,1031,105574,9076,460,2077,4558,1981,1832,3980,1003,919,32,1981,209,20385
5cf1bce8-68d7-44c5-8106-a38020de552c,2021-03-11,932,106506,9044,463,2062,4526,1993,1822,3952,1015,919,35,1993,212,20597
9f21157d-0e19-4062-9438-f545da9d7706,2021-03-12,973,107479,9012,471,2111,4431,1999,1833,3885,1009,929,32,1999,201,20798
14c8e99e-9a19-4a4a-b147-d2e799de03d3,2021-03-13,745,108224,8609,367,1777,4490,1975,1783,3995,1004,913,33,1975,160,20958
addde69f-42e7-43d6-b93f-1df9ef4edaa1,2021-03-14,656,108880,8823,380,1840,4573,2030,1829,4061,1031,939,31,2030,211,21169
d4f299b5-66cd-451e-9150-b11e5a18a5f4,2021-03-15,1035,109915,9551,534,2191,4772,2054,1886,4207,1055,944,30,2054,216,21385
cc360e3b-c232-4613-a031-35427084ff1c,2021-03-16,924,110839,9412,486,2171,4689,2066,1896,4119,1050,930,36,2066,203,21588
ba345cda-ec9e-4ed2-8d41-9786aa7600da,2021-03-17,875,111714,9242,505,2087,4612,2038,1861,4042,1056,926,35,2038,177,21765
718ea338-5eb2-4054-bfc6-570be495d1c3,2021-03-18,811,112525,9039,464,2067,4490,2018,1859,4016,1029,951,33,2018,199,21964
a9d0deb1-2b81-4b13-b19e-c5552a8f9a7e,2021-03-19,808,113333,8845,471,2021,4358,1995,1819,3814,1011,945,34,1996,156,22120
455c893a-b16b-4b48-86f7-3a24fb673f3a,2021-03-20,562,113895,8280,368,1734,4208,1970,1781,3740,998,938,28,1970,161,22281
70b71905-e608-475f-8281-4a9c5312ed98,2021-03-21,564,114459,8387,346,1791,4285,1965,1805,3816,987,934,29,1965,174,22455
2f923992-27ba-4e29-81ec-3bb7a2247dc0,2021-03-22,937,115396,9037,514,2154,4383,1986,1824,3836,961,974,27,1986,194,22649
02896cee-efc2-4b25-b4ef-abf39faf7f52,2021-03-23,765,116161,8690,485,2057,4236,1912,1775,3702,918,932,25,1912,179,22828
aa5956b3-97a8-46ef-b304-05f011252a52,2021-03-24,745,116906,8366,414,1998,4067,1887,1743,3558,902,924,21,1887,170,22998
1f724a60-b5fa-45e2-a7f6-2425d09a2cc3,2021-03-25,729,117635,8206,411,1938,3982,1875,1742,3488,929,911,25,1875,144,23142
9ab318a5-cc95-4fcb-ada5-5fd0950f91cb,2021-03-26,711,118346,8083,433,1966,3848,1836,1677,3352,873,911,28,1837,137,23279
8e32cb70-0ee8-47f6-93a2-657b54628046,2021-03-27,564,118910,7559,327,1593,3834,1805,1644,3377,879,878,28,1806,166,23445
bee510db-51d9-46ec-a2cd-2519ab4862c6,2021-03-28,495,119405,7611,303,1676,3868,1764,1655,3407,876,862,26,1765,107,23552
4a285df6-f5b4-4d54-8b47-5195454b4b70,2021-03-29,791,120196,8156,468,2032,3885,1771,1665,3379,871,863,28,1771,166,23718
9ead8bfe-a0dd-4df8-9a04-d804c699ac03,2021-03-30,658,120854,7878,436,1909,3810,1723,1613,3300,856,837,28,1723,158,23876
48f3aab5-a019-4e57-8b9a-aec00127c708,2021-03-31,655,121509,7556,458,1826,3657,1615,1553,3168,775,810,25,1615,145,24021
42681185-5a82-42e5-a710-f18d12cf5cd1,2021-04-01,619,122128,7243,436,1789,3465,1553,1505,3017,741,785,24,1553,138,24159
e322cc7f-8d48-4196-b417-64b5157303be,2021-04-02,507,122635,6413,331,1436,3207,1439,1422,2829,668,759,28,1441,97,24256
27f988fc-062e-48e8-93f6-dc4ad68f8fa9,2021-04-03,475,123110,6256,279,1402,3151,1424,1398,2786,678,721,28,1426,113,24369
a687d0e7-4105-4014-acb5-f7b9426d456a,2021-04-04,444,123554,6352,264,1489,3194,1405,1378,2843,663,711,31,1407,123,24492
1a79324c-792d-426b-9d86-d2388de35891,2021-04-05,367,123921,6418,273,1534,3230,1381,1346,2855,654,705,29,1384,109,24601
c1ff4b85-6605-4ee8-919e-9cdf583d6589,2021-04-06,640,124561,7098,421,1774,3481,1422,1394,3056,665,726,26,1428,103,24704
b726fcc2-c7df-47ce-901e-e6f540aea1fa,2021-04-07,518,125079,6744,386,1641,3333,1384,1359,2878,634,700,23,1388,114,24818
53626f0e-0ce7-485a-aeb0-ba47217f3ef0,2021-04-08,433,125512,6265,355,1493,3107,1310,1315,2699,607,668,23,1313,114,24932
9d250bff-cbe7-456a-bc3b-d17a51bafd1d,2021-04-09,482,125994,5950,355,1507,2853,1235,1235,2431,571,625,24,1237,103,25035
432f34cb-22e3-4d78-80a4-964b10447991,2021-04-10,304,126298,5311,241,1195,2683,1192,1214,2339,556,601,22,1195,96,25131
68b85013-4d97-459f-9f7c-8a610fbaee29,2021-04-11,283,126581,5264,255,1176,2679,1154,1196,2353,517,600,20,1156,78,25209
783944fc-06d2-49dc-b393-91f0ffead000,2021-04-12,416,126997,5562,347,1389,2678,1148,1184,2348,515,593,21,1151,77,25286
fd5873aa-8fe5-4fc1-8de7-9e1540b35fb9,2021-04-13,375,127372,5249,336,1286,2548,1079,1153,2250,480,568,18,1082,80,25366
66d2eee9-6a18-4870-9fb7-108775e1d047,2021-04-14,390,127762,4945,306,1177,2417,1045,1110,2116,481,535,17,1047,84,25450
86a138f9-6f33-4011-b02b-9077bd433252,2021-04-15,351,128113,4687,314,1162,2228,983,1035,1942,437,518,18,986,78,25528
8eeef97e-144b-4003-8252-d0fb9016a390,2021-04-16,343,128456,4435,326,1110,2058,941,1012,1790,414,513,18,944,59,25587
9e287cda-bbe5-4cf4-b1ae-6df3e97f2b32,2021-04-17,263,128719,4037,196,931,1999,911,975,1761,408,485,18,914,63,25650
602629de-5d4c-48e3-a271-c86d64a333e1,2021-04-18,234,128953,4049,185,973,2002,889,975,1765,388,491,19,892,69,25719
52a6b8af-5616-4fb2-b2c6-06d727c9fb1b,2021-04-19,354,129307,4327,246,1105,2076,900,992,1820,395,488,22,904,68,25787
d5447648-ffd9-45f9-84e3-c6c994b0e029,2021-04-20,330,129637,4164,274,1052,1980,858,942,1721,377,471,18,862,55,25842
5ef16bff-b9af-46cb-a099-a33280457794,2021-04-21,337,129974,4004,258,1016,1874,856,908,1626,376,460,20,859,59,25901
645ddf50-4e62-4281-82dd-805c7aeba4fe,2021-04-22,261,130235,3771,267,902,1804,798,839,1538,353,420,21,802,51,25952
05da2c20-d509-4e60-a29f-009da755b64c,2021-04-23,253,130488,3552,222,900,1670,760,792,1434,336,406,19,762,50,26002
eb70fb36-cdf2-442e-9e74-12b2365be696,2021-04-24,166,130654,3205,165,752,1556,732,755,1367,329,379,17,734,50,26052
c7c19958-c767-48c5-81e9-008b145d8785,2021-04-25,169,130823,3196,170,759,1547,720,763,1362,328,373,15,722,51,26103
aa611de8-0cb0-4315-a850-191ed8474649,2021-04-26,263,131086,3346,242,899,1512,693,741,1304,315,362,14,694,54,26157
c45b3226-ce7e-414e-af90-a895af3c6502,2021-04-27,250,131336,3173,218,818,1473,664,716,1281,282,361,17,666,46,26203
d73fa5df-8517-4b75-8a3e-2bef88630a98,2021-04-28,231,131567,3025,211,774,1430,610,689,1239,261,335,19,612,61,26264
1c71751b-0b0e-496d-8e6f-bf6e084579c1,2021-04-29,243,131810,2855,189,715,1387,564,640,1183,239,303,19,565,39,26303
039f0661-bde8-4522-8974-ba693b3204be,2021-04-30,205,132015,2698,171,700,1313,514,580,1133,216,278,18,515,43,26346
1253a142-b692-44b2-9ca0-065cbb4c48ae,2021-05-01,158,132173,2485,130,586,1275,494,555,1137,219,262,17,494,31,26377
224ece88-fe57-48ca-b073-19e1c1d77be8,2021-05-02,147,132320,2510,137,611,1276,486,559,1130,208,267,18,486,32,26409
db5d0069-41e4-4c58-9e24-f540dfe01e9d,2021-05-03,255,132575,2706,196,707,1311,492,564,1126,215,263,14,492,34,26443
930b62c7-72a9-4efc-a31b-b84f30033d60,2021-05-04,172,132747,2554,171,662,1239,482,545,1060,215,250,15,483,43,26486
3941d306-13e3-41c9-8e98-df3db3a44f6d,2021-05-05,182,132929,2379,147,614,1186,432,503,1000,184,232,16,433,32,26518
42f50b5a-69aa-4a50-ac64-30bf7ae7de66,2021-05-06,171,133100,2241,154,587,1103,397,464,929,175,218,17,398,36,26554
39b85d97-a7c9-486f-a9ac-738ec4b9b284,2021-05-07,176,133276,2145,171,579,1013,382,439,860,174,199,13,383,25,26579
732a54b3-e480-48ac-880d-6efd1f33cf1c,2021-05-08,92,133368,1900,120,450,963,367,412,818,171,184,12,368,29,26608
7e35f556-c7e2-4e6a-9f9d-a0793dff89c0,2021-05-09,102,133470,1882,117,437,958,370,416,821,170,181,11,371,30,26638
eddc54da-03cb-492a-b4be-59ae826fe62d,2021-05-10,176,133646,2006,155,564,921,366,424,784,168,184,11,367,29,26667
fb090bc9-768f-477c-9d62-2c3946a27af4,2021-05-11,139,133785,1852,137,502,866,347,401,736,168,164,10,349,28,26695
7851ab90-e4d6-43e7-8e72-408ca989dd22,2021-05-12,138,133923,1740,155,466,791,328,379,664,163,155,9,330,30,26725
0e6249eb-31d2-41dc-a34d-b9ddea5f86c0,2021-05-13,121,134044,1644,126,452,749,317,369,642,151,153,8,319,19,26744
f2e66186-8acd-469f-a7b9-5c63e8f46f69,2021-05-14,105,134149,1556,117,421,729,289,343,622,141,138,8,290,16,26760
0782a316-e33d-43d8-82e2-7d10c1d87683,2021-05-15,65,134214,1353,87,354,650,262,309,561,127,122,8,262,14,26774
0ba1e004-8f40-40fb-bf58-3e608bdf590b,2021-05-16,65,134279,1339,81,357,645,256,306,557,124,122,7,256,12,26786
50e14b36-a21b-4682-a54e-f757691482c9,2021-05-17,103,134382,1418,96,436,648,238,297,529,111,113,6,238,19,26805
98c1e404-45ef-40b2-a456-f69a8919d7be,2021-05-18,80,134462,1278,87,384,584,223,279,477,105,107,6,223,13,26818
abfd4152-6465-4455-9b88-4c9b171ba9e8,2021-05-19,69,134531,1169,80,342,533,214,251,438,105,100,6,214,16,26834
f77db5fa-7bc9-486f-8cc3-9032adf301e2,2021-05-20,68,134599,1081,91,312,491,187,220,407,89,92,5,187,15,26849
e419a7ee-9d0c-4a9a-bb5e-ee10ab047922,2021-05-21,77,134676,1031,88,298,469,176,194,396,91,76,4,177,13,26862
233ab326-81a3-4070-a883-d33e17d89315,2021-05-22,35,134711,885,56,229,433,167,191,376,87,71,3,168,9,26871
354f9e83-380f-41e9-ba3c-81c8bf0cf2df,2021-05-23,29,134740,866,64,218,425,159,189,362,84,68,3,160,11,26882
4a67fa26-d7e7-41bd-bf3b-552acb9acc73,2021-05-24,57,134797,898,83,263,394,158,185,319,82,66,4,159,6,26888
dc385951-fb9d-4669-aaf7-dfa89f1c93ba,2021-05-25,59,134856,804,77,201,390,136,164,316,67,62,4,137,8,26896
0b408a71-d212-4a75-a7db-ce9988667d5f,2021-05-26,61,134917,776,77,213,357,129,156,296,58,64,3,130,10,26906
ff5cfc75-61cb-465b-8760-df1f31e2de05,2021-05-27,38,134955,680,60,181,318,121,147,269,57,60,3,123,14,26920
8750f9ea-49ce-41df-8af3-d39a387bb88d,2021-05-28,40,134995,626,56,185,285,100,127,243,43,55,3,102,6,26926
3d1e17bc-fb7b-4a55-86ed-b2e3c34930fe,2021-05-29,19,135014,522,40,146,238,98,113,204,47,43,4,100,5,26931
17b48054-8433-4822-b908-4a92965cf6ac,2021-05-30,27,135041,520,46,155,227,92,113,198,45,43,4,95,4,26935
f64bad5d-b488-4591-945f-a97fead1f341,2021-05-31,41,135082,558,66,179,214,99,118,182,46,46,4,102,7,26942
c56c2bff-d1c2-451e-b793-ffb79942faef,2021-06-01,28,135110,480,51,151,195,83,98,158,33,43,3,85,5,26947
44d965bc-d67c-40d5-86d0-6ccd10b6c9de,2021-06-02,38,135148,445,41,152,175,77,91,140,33,40,3,80,4,26951
044229a2-db0d-459c-b801-b8185450dd70,2021-06-03,20,135168,396,43,129,151,73,86,121,34,36,3,75,2,26953
3323f76a-5ee3-4775-9b0d-216d3f2fdf3d,2021-06-04,28,135196,369,41,127,139,62,72,113,27,30,2,64,6,26959
02d47eff-953f-4afe-9e0e-0f0a7a101544,2021-06-05,15,135211,304,27,100,125,52,60,105,25,22,1,53,1,26960
aa0cc588-9ae7-41c1-8d09-9e15a384b1ca,2021-06-06,12,135223,304,26,104,122,52,61,104,24,20,1,53,4,26964
9c7ecf74-35bb-40e7-82a8-91390b2ede5c,2021-06-07,14,135237,306,32,110,119,45,58,100,22,19,1,46,3,26967
177b3d11-9164-49ca-9e78-52361d7d773b,2021-06-08,23,135260,290,32,88,127,43,59,108,20,19,2,44,5,26972
d460781d-4263-439b-815a-8ba0df7ff7a7,2021-06-09,15,135275,262,24,82,117,39,56,94,19,17,3,40,2,26974
8a4c1e58-9012-40f9-b10f-2136efdc7be5,2021-06-10,18,135293,239,27,77,99,36,53,80,17,15,2,37,5,26979
65f7719a-0b5d-410e-bb87-2b44248cdbe9,2021-06-11,10,135303,190,23,68,77,22,38,61,10,9,0,22,1,26980
053a3001-39f0-4dd5-b277-e3c4b3d85b37,2021-06-12,8,135311,163,15,53,70,25,38,53,11,10,0,25,3,26983
2bc864fe-26ec-44c7-8a87-3bf92e0e0281,2021-06-13,5,135316,155,13,54,65,23,35,52,10,11,0,23,2,26985
77f20523-a113-424c-afcf-b9278c807fd5,2021-06-14,9,135325,171,19,60,66,26,37,55,11,11,1,26,0,26985
47fd6118-b362-40d2-a5cd-180b90064b1c,2021-06-15,9,135334,144,21,43,61,19,27,47,8,9,1,19,3,26988
28dcfaba-ac11-4575-98c6-4d539c0e08e7,2021-06-16,6,135340,123,20,35,53,15,25,42,4,9,1,15,1,26989
b63b2fcb-fabb-4c9a-a65a-e61c16e593c5,2021-06-17,24,135364,122,24,27,54,17,24,41,5,9,1,17,4,26993
fb008e73-8835-4c62-b617-9c437b1d294e,2021-06-18,8,135372,114,26,28,42,18,22,31,6,11,0,18,3,26996
45f1c757-69b8-4364-8ca1-78e7889abbcf,2021-06-19,10,135382,91,13,26,39,13,18,31,4,9,0,14,0,26996
91e67cda-9242-4357-a172-3bc7544014e3,2021-06-20,2,135384,89,13,26,38,12,20,32,3,9,0,13,1,26997
fcfa34d9-a18c-4483-8d83-ad5f6de550ac,2021-06-21,8,135392,94,18,28,35,13,18,32,3,10,0,14,0,26997
9f2d6fee-1ba0-4257-8ff9-4e40966dd3d0,2021-06-22,7,135399,90,18,26,32,14,17,27,4,9,0,15,2,26999
fb0adcab-41e9-4550-b410-83ef75b3915f,2021-06-23,7,135406,87,19,21,36,11,14,27,4,7,0,12,0,26999
c61efc71-ae23-4dfa-96ea-110b1890c6ed,2021-06-24,4,135410,84,21,22,28,13,16,22,4,8,1,14,2,27001
d6ed8156-dc78-4c67-93bd-a4cd2ad67741,2021-06-25,6,135416,70,20,24,16,10,16,9,4,7,0,11,1,27002
1ce125b4-d6c0-487c-9cb4-9def69bb85bf,2021-06-26,2,135418,58,17,17,14,10,13,9,4,7,0,11,2,27004
e2b346e7-b6dc-403f-b92a-3a62250bba7f,2021-06-27,2,135420,59,17,18,16,8,12,11,2,7,0,9,0,27004
470f07e9-9a07-43f9-875c-e1c743ee6578,2021-06-28,7,135427,65,18,21,17,9,14,11,2,8,0,10,0,27004
45571e3f-b189-48f9-8560-ef9e6b36b7b3,2021-06-29,2,135429,60,16,19,14,11,15,12,4,6,0,11,0,27004
0f4acc54-f219-41c9-bec2-c547e632df28,2021-06-30,10,135439,60,16,20,14,10,13,9,4,5,0,10,2,27006
c736bf66-97d5-42d6-ae34-ce067d42b3b8,2021-07-01,4,135443,50,12,13,17,8,14,11,4,4,0,8,1,27007
6635791a-494f-4953-919e-f432b292445b,2021-07-02,2,135445,41,14,8,13,6,7,10,2,3,0,6,1,27008
68d1cebf-d438-4946-99de-44656f9b83d9,2021-07-03,2,135447,30,8,5,12,5,6,9,2,3,0,5,0,27008
7acb6338-a115-4692-808c-f5aea501bab1,2021-07-04,3,135450,33,8,9,12,4,7,9,2,2,0,4,2,27010
4e7228b3-1941-4ea5-8705-c77d1d95f8b7,2021-07-05,2,135452,35,7,10,14,4,11,10,3,1,0,4,0,27010
2a18fda3-23ee-4e0d-8f13-c0c829cc83d1,2021-07-06,0,135452,34,8,10,12,4,11,6,3,1,0,4,0,27010
d1705a35-7aa4-402f-a735-7f00aae389e5,2021-07-07,8,135460,44,12,9,20,3,12,12,2,1,0,3,1,27011
7c963168-b81b-459c-b6f1-10fa74e35a26,2021-07-08,4,135464,41,9,12,16,4,11,7,2,2,0,4,0,27011
8bfe3e51-7ea6-4c7c-bdd7-b842753935e0,2021-07-09,5,135469,37,8,11,14,4,8,10,2,2,0,4,0,27011
418ae437-14e9-4ef4-b8ca-d4a98a95d0a0,2021-07-10,3,135472,26,5,6,12,3,7,10,1,2,0,3,0,27011
77be9a7e-4030-48fb-9ba7-dc0792bd0154,2021-07-11,5,135477,26,3,6,15,2,8,12,0,2,0,2,0,27011
b8830db8-b515-44e2-b5a3-4defc99356b3,2021-07-12,8,135485,35,3,10,19,3,9,16,1,2,0,3,0,27011
ed1354c3-f1c7-419d-b39f-c7d21ef2ffaa,2021-07-13,0,135485,33,5,10,15,3,8,14,1,2,0,3,0,27011
669ada44-8306-4c66-9864-da933f9ee45b,2021-07-14,5,135490,31,6,5,15,5,10,13,2,3,0,5,0,27011
5921099b-38f4-4bed-98e7-05749dce9007,2021-07-15,6,135496,32,4,3,19,6,10,16,3,3,0,6,0,27011
f6e1c5d9-9fc6-4024-a845-9821228bb5e0,2021-07-16,6,135502,35,3,6,19,7,10,13,3,3,0,7,2,27013
2844a742-389f-44ce-9fa5-27d4f895fe12,2021-07-17,4,135506,33,5,6,16,6,9,11,4,2,0,6,0,27013
1b1bc8ea-1632-4354-b117-92e9bf9e5430,2021-07-18,2,135508,35,5,8,15,7,10,9,4,3,0,7,1,27014
0efb9701-97f7-42e8-8ff2-d58b35e3e52f,2021-07-19,10,135518,49,10,11,22,6,10,15,3,3,0,6,2,27016
6d9d7604-3a0c-4d83-bb45-fafa49b12aa0,2021-07-20,5,135523,45,5,14,20,6,6,14,3,2,0,6,0,27016
5f322aa7-2168-4d4b-b22d-ee9c707b4c6b,2021-07-21,6,135529,47,7,13,22,5,9,17,3,1,0,5,1,27017
6f0a5ded-4237-43b8-8d55-250f6f246c42,2021-07-22,6,135535,46,4,13,23,6,14,15,2,2,0,6,0,27017
73538d50-d5cc-455d-baf4-46f9644f7d69,2021-07-23,5,135540,46,6,17,18,5,12,15,2,2,0,6,0,27017
8a000a05-09f2-44f7-a8fc-461378518c60,2021-07-24,6,135546,43,5,11,23,4,9,19,3,2,0,5,0,27017
0659c40d-df9e-4452-99a9-2a2fd8dc32e4,2021-07-25,8,135554,50,6,16,24,4,10,21,2,3,0,5,0,27017
47af7338-9e0d-4259-a26d-b152a5ce7ac1,2021-07-26,14,135568,62,10,20,26,6,9,21,3,3,0,7,0,27017
55f8c163-6655-47f1-984d-e5ef31bca887,2021-07-27,3,135571,55,8,14,26,7,10,23,3,5,0,8,0,27017
9ff1d3f5-e14b-4a65-abcb-d4043074906c,2021-07-28,7,135578,55,5,16,27,7,11,24,2,5,0,8,0,27017
9ad5925f-4f31-4986-af8d-7a8ae41c48bd,2021-07-29,11,135589,62,5,16,32,9,14,29,5,5,0,10,0,27017
19eee364-f437-4ffc-b82b-12661fbbe495,2021-07-30,4,135593,62,5,17,29,11,16,27,7,5,1,11,0,27017
8f284223-df49-42c9-aabd-dc190b7a2aaf,2021-07-31,5,135598,58,3,17,26,12,17,23,5,7,1,12,2,27019
66482d64-4ca0-4576-88ab-5e70b34dbaef,2021-08-01,4,135602,52,4,11,26,11,16,24,6,5,1,11,1,27020
1535cd0b-cde2-4e4c-a6b6-10d88e3d759d,2021-08-02,9,135611,61,9,12,27,13,15,27,5,6,1,13,1,27021
1773d815-ef20-4839-9e57-84a974d3824e,2021-08-03,3,135614,57,6,12,27,12,17,25,5,7,1,12,0,27021
93d28016-e2fd-46f8-a9b8-5b5906ae0d50,2021-08-04,12,135626,59,5,12,30,12,18,27,4,8,1,12,0,27021
445a4e83-0481-40eb-aa1e-dcc08e12a182,2021-08-05,3,135629,60,8,10,30,12,17,24,4,8,1,12,1,27022
bc37b946-2671-40ef-9675-69f1adea2728,2021-08-06,9,135638,60,4,15,29,12,15,23,4,8,1,12,2,27024
ae427a6c-42d2-4b5b-8be0-324f3d91b502,2021-08-07,6,135644,59,5,15,28,11,13,24,5,6,0,11,0,27024
0ef4d30b-688c-450f-80a9-a08f5fb4dfc9,2021-08-08,2,135646,58,6,16,22,14,16,19,7,7,0,14,0,27024
8c19e095-5312-4e6c-a186-3c532f583e06,2021-08-09,7,135653,68,9,15,28,16,18,24,8,7,0,16,1,27025
c303a556-edd8-4f70-8b8d-e5ab5ba4759e,2021-08-10,7,135660,63,7,17,22,17,18,20,8,8,0,17,0,27025
9e617792-0391-4048-9b7e-43d4f16f2762,2021-08-11,7,135667,65,7,19,19,20,20,17,9,9,0,20,1,27026
298c1326-6507-4894-8274-a2d226761820,2021-08-12,5,135672,65,4,17,26,18,20,22,8,8,1,18,0,27026
4d579a0c-749f-4979-8db0-2d4e3a494d4c,2021-08-13,6,135678,56,4,12,24,16,18,17,8,8,0,16,0,27026
a1f71608-a19d-4ace-ab13-a54d34b445bc,2021-08-14,9,135687,59,5,11,26,17,19,20,10,7,0,17,0,27026
e189f64a-b692-4c3d-8807-1572064007a6,2021-08-15,5,135692,61,6,13,25,17,16,19,10,7,0,17,2,27028
723617a9-ca90-4607-beb1-64a3eabdb15d,2021-08-16,10,135702,74,9,14,33,18,18,27,11,7,0,18,2,27030
865d2e33-1a4c-46a0-bbf8-3c6224f46d0d,2021-08-17,7,135709,74,4,22,30,18,18,25,10,6,1,18,1,27031
dfd64602-44e8-4fa7-9ac6-106d9b415ac7,2021-08-18,9,135718,78,5,22,35,16,19,29,10,6,2,16,3,27034
6a2978b1-beab-43a1-a697-df160639307b,2021-08-19,10,135728,73,4,15,36,18,20,31,9,5,3,18,1,27035
cf95db89-0cf2-4cc7-807e-cd5b429aead5,2021-08-20,10,135738,72,6,17,35,14,18,26,9,5,2,14,1,27036
50f12908-4ff9-4732-9f93-66df668ae9db,2021-08-21,6,135744,61,4,13,32,12,16,25,8,4,0,12,0,27036
22c1efc0-f81f-4086-8b89-6a992a4a9711,2021-08-22,6,135750,66,4,17,33,12,17,27,7,5,0,12,0,27036
1ecdcf4d-71c0-4b14-afa5-fa7b2021f2b3,2021-08-23,8,135758,72,8,21,31,12,19,26,8,5,0,13,0,27036
076c35f8-62f4-459b-95a8-5d35e0b46da7,2021-08-24,11,135769,69,6,21,31,11,16,22,8,3,0,11,1,27037
b5cc18d5-4617-4cc3-a343-3ad039137b4e,2021-08-25,10,135779,73,6,22,31,14,18,22,11,3,0,14,2,27039
50c33c5d-c822-448b-9b2c-28d962eb5975,2021-08-26,7,135786,71,6,26,27,12,16,19,10,2,0,12,0,27039
5fdfa0e4-e1dd-4709-b890-1c7f898aad7e,2021-08-27,7,135793,62,9,21,22,10,14,17,8,2,0,10,1,27040
b1718f8e-c237-4f27-b234-dee640959ecf,2021-08-28,5,135798,56,6,17,23,10,13,18,7,2,0,10,2,27042
005d2986-43e5-464f-8c00-f88d6ff71e49,2021-08-29,3,135801,55,6,18,23,8,9,16,6,2,0,8,1,27043
7f694aae-f853-4746-bcd6-0aeb67b332d4,2021-08-30,4,135805,61,8,21,23,9,10,19,6,3,0,9,0,27043
fde2d3f6-a797-4fcc-bc3c-7ea76be1126c,2021-08-31,9,135814,56,3,17,30,6,10,26,2,4,0,6,0,27043
3ee501bd-a12a-4761-9f9f-03e5e71b9414,2021-09-01,15,135829,63,8,17,29,9,12,24,4,4,0,9,0,27043
585f0bf0-56e2-4b94-a89b-dcc78485e844,2021-09-02,10,135839,66,5,23,27,11,14,23,7,4,0,11,2,27045
e65861d1-b634-496b-919f-49a87cdb5ad5,2021-09-03,14,135853,64,5,26,22,11,14,18,8,3,0,11,0,27045
98349518-6145-4c0c-9d8e-279ecb867b30,2021-09-04,7,135860,61,6,21,26,8,16,23,6,2,0,8,0,27045
c9334c26-6a0e-4a68-b3ff-3f12fc64ff80,2021-09-05,10,135870,69,4,24,34,7,16,28,5,2,0,7,0,27045
7b736950-07ef-4d49-98d9-e7ef711580f7,2021-09-06,17,135887,92,7,28,45,12,23,38,8,3,2,12,1,27046
21ff9878-b4f6-4ab5-b418-fac6119e5c18,2021-09-07,13,135900,97,4,28,49,16,26,41,12,3,2,16,2,27048
b02b5ac9-72f8-4dd6-812f-9addcdef6b76,2021-09-08,15,135915,102,4,26,57,15,24,46,10,4,1,15,1,27049
7b7c0de8-e998-4285-b54f-a064e6f3af61,2021-09-09,16,135931,113,8,31,59,15,22,47,11,4,1,15,0,27049
ef558336-140e-4a48-b740-845894f8bf1d,2021-09-10,13,135944,117,6,39,57,15,24,52,11,4,1,15,0,27049
04aa2f06-c038-4aa0-886e-bc35f4037d16,2021-09-11,12,135956,115,5,31,62,17,27,55,11,6,1,17,0,27049
924553c8-a57c-4a3f-9c09-9ec6f3dfcb87,2021-09-12,17,135973,127,7,28,72,20,31,64,12,8,1,20,2,27051
749fdc5b-1ba4-44b5-bf18-680fbdb6ca0e,2021-09-13,29,136002,157,10,51,74,22,35,67,11,10,1,22,0,27051
0c777d29-0b31-4417-895b-72bd8fdf5e21,2021-09-14,25,136027,164,11,46,81,26,41,73,14,12,1,26,3,27054
f798bed2-7083-4849-ba22-c6054946b4f5,2021-09-15,17,136044,168,8,56,74,30,38,64,16,12,2,30,3,27057
4de0ffe3-3084-4e7c-9e3f-0c9764abc56c,2021-09-16,19,136063,166,12,50,72,32,43,62,18,14,2,32,0,27057
2c310fbf-4679-4236-9be5-58d235754466,2021-09-17,31,136094,182,21,59,68,34,46,57,20,14,1,34,2,27059
3f225ecd-fc52-4cf6-9f48-6fbb4ea37d1f,2021-09-18,9,136103,161,17,41,72,31,43,60,16,16,1,32,3,27062
2ac92422-2d29-4276-9d0d-7ab32256bc09,2021-09-19,14,136117,164,18,43,75,28,40,64,13,14,1,28,2,27064
5b148459-06e9-4b41-8c2d-def77eb344cb,2021-09-20,23,136140,185,19,59,77,30,42,65,11,16,2,30,4,27068
449bf423-8d21-4270-982a-543a1b10199c,2021-09-21,19,136159,180,23,49,80,28,40,66,11,15,2,28,2,27070
86490761-da13-4d19-aa79-1062cf352fd3,2021-09-22,17,136176,182,19,52,84,27,38,64,10,15,2,27,2,27072
909fa5b6-17d9-4cf9-9d8b-a7b38ea9421b,2021-09-23,21,136197,183,22,54,79,28,38,64,10,17,1,28,3,27075
d5033aa9-e5de-4e24-98dd-0f64a7c72f37,2021-09-24,27,136224,188,24,41,92,31,42,76,13,17,2,31,0,27075
d8fcb6ae-4a40-4c76-9209-4191a44e7ec2,2021-09-25,20,136244,188,21,34,98,35,46,79,16,19,2,35,2,27077
1cedd654-ad11-4230-84da-0a28e60d9018,2021-09-26,16,136260,197,23,40,102,32,45,81,13,20,1,32,0,27077
87a88e56-5713-4f17-ab2b-c8bf34fcb850,2021-09-27,34,136294,229,27,45,119,38,49,96,14,23,1,38,0,27077
c3992fab-baa4-4f93-8386-2d5cb3b0cddd,2021-09-28,16,136310,226,25,50,109,42,53,96,15,27,1,42,3,27080
7d67f030-3d4b-40a6-9cb0-817719b468cd,2021-09-29,36,136346,253,30,57,127,39,51,110,12,26,1,39,5,27085
f3c47154-a561-4113-be38-94d68002e2a5,2021-09-30,32,136378,251,40,53,121,37,50,104,12,24,1,37,1,27086
c1318d07-01c7-4d40-a84e-c0914d7ff6d6,2021-10-01,31,136409,244,33,63,118,30,45,99,6,24,1,30,1,27087
d2ac15ad-39ff-4800-9e93-cefc788133d2,2021-10-02,27,136436,234,14,65,119,36,44,102,10,24,2,36,1,27088
f0c55289-dd6e-4ce3-a04b-a62c370d333c,2021-10-03,25,136461,247,15,65,130,37,52,107,10,24,3,37,4,27092
87c865f1-8d37-48d6-ad09-70c524613dda,2021-10-04,53,136514,302,36,72,152,42,58,122,15,26,2,42,4,27096
b4967cd3-4228-4082-978e-1a431741876c,2021-10-05,40,136554,302,21,66,162,53,72,136,24,27,2,53,2,27098
5f924cdd-da16-40c5-b996-be9a9492fbfc,2021-10-06,54,136608,327,29,77,152,69,86,125,40,27,2,69,4,27102
1e865702-2ddc-4b1e-b4e7-607958e433fc,2021-10-07,39,136647,316,24,78,152,62,75,128,31,27,2,62,3,27105
bfae9f70-5950-42a1-adae-31287167e790,2021-10-08,51,136698,344,28,91,161,64,78,132,32,28,4,64,4,27109
30c25997-46c5-486e-b334-794db351f983,2021-10-09,30,136728,333,25,80,170,58,77,145,27,28,3,58,3,27112
7235922e-fc41-4b86-899c-aec53fd83f6d,2021-10-10,34,136762,350,23,85,181,61,77,155,29,27,3,61,4,27116
8f4cbc06-4180-4f02-894f-cb899834674c,2021-10-11,80,136842,425,32,113,202,78,99,167,37,36,3,78,5,27121
3824d6ae-f0c4-418e-a1a4-176e2d3e01b4,2021-10-12,62,136904,444,35,107,213,89,113,179,42,42,3,89,6,27127
a8abc3b8-d6cc-4da9-9c46-2b15d51b6e5d,2021-10-13,63,136967,470,30,122,228,90,114,190,44,42,2,90,6,27133
435d10b3-f5d0-4e9a-9184-5e50c0d47e3d,2021-10-14,57,137024,496,30,138,231,97,116,192,48,43,2,97,6,27139
590f38d6-b191-4bae-9eb1-d3f8162ab810,2021-10-15,82,137106,527,44,141,248,94,115,212,43,48,2,94,10,27149
62f7161a-79bb-485d-b3cf-ed6bf47eb59d,2021-10-16,70,137176,515,26,151,249,89,112,202,37,48,2,89,8,27157
edd5477b-5b4f-4f67-9134-0149e16f1016,2021-10-17,50,137226,541,32,151,263,95,116,210,40,50,3,95,11,27168
c317b67c-b529-4d82-adaa-89b5626b5a89,2021-10-18,133,137359,662,48,209,297,108,133,248,46,54,3,108,12,27180
63012736-cc7e-408b-abef-692d9c17f8c2,2021-10-19,143,137502,726,58,229,326,113,146,274,55,54,4,113,9,27189
098775af-0b11-43c1-8a41-47adb59a65ab,2021-10-20,117,137619,795,64,252,362,117,138,315,53,59,5,117,7,27196
cb2a35a8-b56b-433d-b21b-f190c983d824,2021-10-21,124,137743,840,65,253,397,125,142,350,55,64,4,125,10,27206
dca7a6b4-922a-4eb8-9536-ff9c5b2f9357,2021-10-22,159,137902,921,67,289,436,129,153,388,60,62,4,129,12,27218
19250df9-0d4c-4fa2-a9c2-6951fb2197c8,2021-10-23,112,138014,929,70,266,461,132,151,407,64,62,4,133,13,27231
fd867070-cd81-4a51-8fe1-e3c1a2d8c7c3,2021-10-24,110,138124,992,74,284,484,150,163,425,75,69,4,151,19,27250
2775559e-9787-4525-b018-24bc89598eb9,2021-10-25,216,138340,1173,105,399,498,171,171,436,72,80,5,171,20,27270
4e36c0ca-de94-43fe-98c9-0146a2025e87,2021-10-26,261,138601,1294,133,421,559,181,193,488,84,84,3,183,16,27286
16c3886d-c411-422b-a15e-4a24288e3bf7,2021-10-27,239,138840,1396,115,464,631,186,215,546,89,84,4,187,21,27307
645887cf-3618-4271-8272-07f6ece158fb,2021-10-28,170,139010,1391,97,472,631,191,209,559,96,79,4,192,26,27333
3981d682-97f2-46df-8c6a-d21fffa8842c,2021-10-29,270,139280,1578,145,534,700,199,233,616,102,93,4,200,25,27358
ef45d379-8f77-4b53-b40e-2fc703a5f688,2021-10-30,189,139469,1597,121,517,738,221,238,651,112,99,6,222,22,27380
24fbaf2d-7a97-4a89-b819-63708417fa6d,2021-10-31,203,139672,1730,132,540,800,258,267,715,130,118,5,259,27,27407
fc968818-659f-487b-9116-6f310620bc92,2021-11-01,412,140084,2103,180,686,946,291,311,822,146,133,8,291,30,27437
69ac9c26-0e67-4889-ab2d-f8d7d12da8e7,2021-11-02,392,140476,2292,201,722,1063,306,318,917,153,136,10,306,32,27469
8e61f571-ad17-48f8-ad60-8b7f778f0871,2021-11-03,383,140859,2495,209,816,1144,326,345,983,165,146,10,326,40,27509
8f201b8f-b23b-4173-b278-d7c9b0511e07,2021-11-04,385,141244,2657,199,901,1216,341,345,1043,163,163,11,341,45,27554
c121b6e5-e32c-411c-9834-8df763ce8938,2021-11-05,358,141602,2801,215,931,1273,382,384,1102,181,179,12,382,52,27606
70e6cd22-db88-4424-b5c0-7077e727539e,2021-11-06,280,141882,2801,189,912,1308,392,389,1138,193,180,11,393,47,27653
e75d46ff-6dcf-4ccd-b2e7-b39ac8ef0123,2021-11-07,278,142160,2952,185,964,1385,418,424,1196,200,197,11,420,35,27688
7cb7c9ba-7eaa-4b5d-9a1e-a9f0a461d13c,2021-11-08,535,142695,3412,287,1181,1466,478,471,1249,234,214,13,478,46,27734
ea427faa-1629-4e8c-aee8-a3118c6c377a,2021-11-09,546,143241,3609,318,1183,1593,515,488,1340,249,230,13,517,61,27795
285ba407-cf42-4aa8-80b0-9fe6fd19b33b,2021-11-10,469,143710,3756,371,1207,1624,554,511,1393,279,240,14,556,72,27867
eda9f5e5-7a31-4960-ae9b-b5ae90505ed7,2021-11-11,492,144202,3885,388,1241,1694,562,519,1460,282,252,10,566,70,27937
aefaa208-2897-4066-b7a6-c601e7d9a7c0,2021-11-12,530,144732,4049,399,1302,1762,586,527,1529,297,250,11,589,67,28004
a6211461-498c-420c-84a4-49ba75579588,2021-11-13,376,145108,3988,375,1178,1839,596,561,1619,286,270,12,598,70,28074
793c52b7-d193-4327-8043-f609fa6869d5,2021-11-14,342,145450,4130,343,1253,1911,623,601,1695,295,290,11,625,60,28134
0b83c1d9-8f85-42a1-8dc8-c30787b492df,2021-11-15,729,146179,4779,483,1578,2039,679,644,1803,331,305,12,681,88,28222
f6e9d801-89a1-447c-8131-6701c44d4e3b,2021-11-16,652,146831,4853,477,1640,2046,690,651,1789,339,310,14,692,65,28287
9d556e25-0948-4b01-91f8-e7b547b73776,2021-11-17,476,147307,4814,464,1478,2156,716,691,1911,354,323,13,718,82,28369
b33c6736-e7af-4921-8105-3d7a74380014,2021-11-18,638,147945,5180,493,1690,2250,747,716,1976,352,350,14,749,116,28485
d029bed9-7706-4b36-82f2-d476b73ff21b,2021-11-19,691,148636,5305,505,1749,2281,770,744,2015,364,364,15,771,107,28592
0d3b8861-8a05-4191-acd5-f0ce97ee4182,2021-11-20,494,149130,5196,477,1568,2385,766,752,2112,367,356,14,767,92,28684
5306512d-b2bb-4d72-9329-195bfb105776,2021-11-21,495,149625,5401,472,1653,2494,782,781,2224,368,367,16,783,107,28791
30908d89-c559-4675-84d5-26892de6a863,2021-11-22,854,150479,5993,588,1954,2630,821,817,2295,386,377,17,822,104,28895
60af2d0e-40d8-427e-929c-32d2e2496dc9,2021-11-23,750,151229,6110,591,1998,2665,856,859,2344,406,402,16,857,107,29002
292204eb-c7c9-4ef1-92bf-8176daa7f646,2021-11-24,712,151941,6202,590,2003,2722,887,864,2391,439,396,16,888,90,29092
933a6cc6-57f6-4ae0-ab0a-2c9d434d4183,2021-11-25,720,152661,6310,566,2046,2770,928,890,2441,470,404,17,929,107,29199
4e83cb19-0e22-495b-b22c-3593d2edb88e,2021-11-26,763,153424,6409,578,2164,2718,949,910,2367,472,432,16,950,113,29312
0be1ccef-94d4-449c-8aac-520306b495a7,2021-11-27,527,153951,6196,537,1903,2783,973,928,2478,467,459,17,974,91,29403
68d57157-f131-4e82-9b43-8f8b070b175f,2021-11-28,489,154440,6395,522,1961,2901,1011,941,2603,488,475,17,1011,114,29517
97f3bd3e-0f73-4649-8e05-59dca8924453,2021-11-29,819,155259,7067,681,2331,2954,1101,986,2600,538,498,18,1101,102,29619
ec1a2e7f-9c5e-468b-b0dd-b7b97aadfb67,2021-11-30,730,155989,7001,643,2242,2999,1117,989,2649,524,516,17,1118,118,29737
d74431a7-1b3c-4bbd-9904-1ddd6356b709,2021-12-01,697,156686,6944,640,2175,3024,1105,980,2679,520,517,16,1106,134,29871
ac6eb81c-d215-4c27-84c3-42f3f27b8a85,2021-12-02,731,157417,7039,685,2144,3122,1088,971,2786,506,504,15,1089,120,29991
de4a13f9-27d1-4d89-a031-0d4644fc5be9,2021-12-03,643,158060,6992,639,2211,3069,1073,964,2714,505,509,21,1074,110,30101
178ce86c-a4bb-4acc-a24b-c36940972619,2021-12-04,438,158498,6507,594,1874,3004,1035,934,2709,473,507,22,1036,103,30204
b206e1c7-e516-4732-9667-f462074b1510,2021-12-05,443,158941,6604,616,1863,3079,1046,962,2777,483,508,23,1047,100,30304
fc3e0823-018b-423f-8c53-57c9ff8b1526,2021-12-06,676,159617,7020,704,2182,3071,1063,984,2740,498,504,26,1064,105,30409
6722ec6d-2021-4554-acfd-5c77ebfcf724,2021-12-07,404,160021,6670,645,2036,2949,1040,981,2650,469,515,25,1042,61,30470
