,0,1,2,3,4,5,6,7,8,9,10,11,12,13,14,15,16,17
0,0,0,0,0,0,0,0,0,0,0,0,0,0,0,0,0,0,0
1,0,0,0,0,0,0,0,0,0,0,0,0,0,0,0,0,0,0
2,0,0,0,0,0,0,0,0,0,0,0,0,0,0,0,0,0,0
3,0,0,0,0,0,0,0,0,0,0,0,0,0,0,0,0,0,0
4,0,0,0,0,0,0,0,0,0,0,0,0,0,0,0,0,0,0
5,0,0,0,0,0,0,0,0,0,0,0,0,0,0,0,0,0,0
6,0,0,0,0,0,0,0,0,0,0,0,0,0,0,0,0,0,0
7,0,0,0,0,0,0,0,0,0,0,0,0,0,0,0,0,0,0
8,0,0,0,0,0,0,0,0,0,0,0,0,0,0,0,0,0,0
9,0,0,0,0,0,0,0,0,0,0,0,0,0,0,0,0,0,0
10,0,0,0,0,0,0,0,0,0,0,0,0,0,0,0,0,0,0
11,0,0,0,0,0,0,0,0,0,0,0,0,0,0,0,0,0,0
12,0,0,0,0,0,0,0,0,0,0,0,0,0,0,0,0,0,0
13,0,0,0,0,0,0,0,0,0,0,0,0,0,0,0,0,0,0
14,0,0,0,0,0,0,0,0,0,0,0,0,0,0,0,0,0,0
15,0,0,0,0,0,0,0,0,0,0,0,0,0,0,0,0,0,0
16,0,0,0,0,0,0,0,0,0,0,0,0,0,0,0,0,0,0
17,0,0,0,0,0,0,0,0,0,0,0,0,0,0,0,0,0,0
18,0,0,0,0,0,0,0,0,0,0,0,0,0,0,0,0,0,0
19,0,0,0,0,0,0,0,0,0,0,0,0,0,0,0,0,0,0
20,0,0,0,0,0,0,0,0,0,0,0,0,0,0,0,0,0,0
21,0,0,0,0,0,0,0,0,0,0,0,0,0,0,0,0,0,0
22,0,0,0,0,0,0,0,0,0,0,0,0,0,0,0,0,0,0
23,0,0,0,0,0,0,0,0,0,0,0,0,0,0,0,0,0,0
24,0,0,0,0,0,0,0,0,0,0,0,0,0,0,0,0,0,0
25,0,0,0,0,0,0,0,0,0,0,0,0,0,0,0,0,0,0
26,0,0,0,0,0,0,0,0,0,0,0,0,0,0,0,0,0,0
27,0,0,0,0,0,0,0,0,0,0,0,0,0,0,0,0,0,0
28,0,0,0,0,0,0,0,0,0,0,0,0,0,0,0,0,0,0
29,0,0,0,0,0,0,0,0,0,0,0,0,0,0,0,0,0,0
30,0,0,0,0,0,0,0,0,0,0,0,0,0,0,0,0,0,0
31,0,0,0,0,0,0,0,0,0,0,0,0,0,0,0,0,0,0
32,0,0,0,0,0,0,0,0,0,0,0,0,0,0,0,0,0,0
33,0,0,0,0,0,0,0,0,0,3,3,0,0,0,0,0,0,3
34,3,3,0,0,0,0,0,0,3,0,3,0,0,0,0,0,0,3
35,0,3,0,0,0,0,0,0,3,2,5,0,0,0,0,0,0,5
36,2,5,0,0,0,0,0,0,5,1,6,0,0,0,0,0,0,6
37,1,6,0,0,0,0,0,0,6,3,9,0,0,0,0,0,0,9
38,3,9,0,0,0,0,0,0,9,11,20,0,0,0,0,0,0,20
39,11,20,0,0,0,0,0,0,20,7,27,0,0,0,0,0,0,27
40,7,27,0,0,0,0,0,0,27,6,33,0,0,0,0,0,0,33
41,6,33,0,0,0,0,0,0,33,6,39,0,0,0,0,0,0,39
42,6,39,0,0,0,0,0,0,39,25,64,0,0,0,0,0,0,64
43,25,64,0,0,0,0,0,0,64,31,95,0,0,0,0,0,0,95
44,31,95,0,0,0,0,0,0,95,22,117,0,0,0,0,0,0,117
45,22,117,0,0,0,0,0,0,117,25,142,0,0,0,0,0,0,142
46,25,142,0,0,0,0,0,0,142,48,190,1,1,0,0,0,0,189
47,48,190,1,1,0,0,0,0,189,109,299,3,4,0,0,0,0,295
48,109,299,3,4,0,0,0,0,295,85,384,0,4,0,0,0,0,380
49,85,384,0,4,0,0,0,0,380,67,451,0,4,0,0,0,0,447
50,67,451,0,4,0,0,0,0,447,110,561,1,5,0,0,0,0,556
51,110,561,1,5,0,0,0,0,556,206,767,1,6,0,0,0,0,761
52,206,767,1,6,0,0,0,0,761,124,891,3,9,0,0,0,0,882
53,124,891,3,9,0,0,0,0,882,159,1050,5,14,0,0,0,0,1036
54,159,1050,5,14,0,0,0,0,1036,115,1165,0,14,1,1,0,0,1150
55,115,1165,0,14,1,1,0,0,1150,126,1291,5,19,0,1,0,0,1271
56,126,1291,5,19,0,1,0,0,1271,185,1476,4,23,2,3,0,0,1450
57,185,1476,4,23,2,3,0,0,1450,292,1768,5,28,7,10,0,0,1730
58,292,1768,5,28,7,10,0,0,1730,259,2027,10,38,0,10,0,0,1979
59,259,2027,10,38,0,10,0,0,1979,377,2404,15,53,2,12,0,0,2339
60,377,2404,15,53,2,12,0,0,2339,263,2667,8,61,5,17,0,0,2589
61,263,2667,8,61,5,17,0,0,2589,159,2826,18,79,6,23,0,0,2724
62,159,2826,18,79,6,23,0,0,2724,184,3010,30,109,5,28,0,0,2873
63,184,3010,30,109,5,28,0,0,2873,305,3315,22,131,7,35,0,0,3149
64,305,3315,22,131,7,35,0,0,3149,283,3598,46,177,8,43,0,0,3378
65,283,3598,46,177,8,43,0,0,3378,268,3866,42,219,6,49,0,0,3598
66,268,3866,42,219,6,49,0,0,3598,333,4199,68,287,8,57,0,0,3855
67,333,4199,68,287,8,57,0,0,3855,283,4482,46,333,9,66,0,0,4083
68,283,4482,46,333,9,66,0,0,4083,117,4599,42,375,8,74,0,0,4150
69,117,4599,42,375,8,74,0,0,4150,236,4835,98,473,8,82,0,0,4280
70,236,4835,98,473,8,82,0,0,4280,196,5031,122,595,10,92,0,0,4344
71,196,5031,122,595,10,92,0,0,4344,294,5325,115,710,15,107,0,0,4508
72,294,5325,115,710,15,107,0,0,4508,257,5582,183,893,10,117,0,0,4572
73,257,5582,183,893,10,117,0,0,4572,163,5745,149,1042,11,128,0,0,4575
74,163,5745,149,1042,11,128,0,0,4575,170,5915,135,1177,8,136,0,0,4602
75,170,5915,135,1177,8,136,0,0,4602,89,6004,112,1289,10,146,0,0,4569
76,89,6004,112,1289,10,146,0,0,4569,68,6072,127,1416,11,157,0,0,4499
77,68,6072,127,1416,11,157,0,0,4499,82,6154,200,1616,9,166,0,0,4372
78,82,6154,200,1616,9,166,0,0,4372,160,6314,211,1827,0,166,0,0,4321
79,160,6314,211,1827,0,166,0,0,4321,132,6446,277,2104,2,168,0,0,4174
80,132,6446,277,2104,2,168,0,0,4174,116,6562,328,2432,8,176,0,0,3954
81,116,6562,328,2432,8,176,0,0,3954,105,6667,169,2601,4,180,0,0,3886
82,105,6667,169,2601,4,180,0,0,3886,92,6759,157,2758,9,189,0,0,3812
83,92,6759,157,2758,9,189,0,0,3812,154,6913,242,3000,7,196,0,0,3717
84,154,6913,242,3000,7,196,0,0,3717,133,7046,237,3237,8,204,0,0,3605
85,133,7046,237,3237,8,204,0,0,3605,99,7145,312,3549,2,206,0,0,3390
86,99,7145,312,3549,2,206,0,0,3390,55,7200,237,3786,6,212,0,0,3202
87,55,7200,237,3786,6,212,0,0,3202,86,7286,262,4048,6,218,0,0,3020
88,86,7286,262,4048,6,218,0,0,3020,79,7365,148,4196,4,222,0,0,2947
89,79,7365,148,4196,4,222,0,0,2947,52,7417,82,4278,2,224,0,0,2915
90,52,7417,82,4278,2,224,0,0,2915,41,7458,201,4479,1,225,0,0,2754
91,41,7458,201,4479,1,225,0,0,2754,60,7518,169,4648,4,229,0,0,2641
92,60,7518,169,4648,4,229,0,0,2641,75,7593,196,4844,5,234,0,0,2515
93,75,7593,196,4844,5,234,0,0,2515,104,7697,210,5054,8,242,0,0,2401
94,104,7697,210,5054,8,242,0,0,2401,55,7752,132,5186,8,250,0,0,2316
95,55,7752,132,5186,8,250,0,0,2316,18,7770,98,5284,1,251,0,0,2235
96,18,7770,98,5284,1,251,0,0,2235,26,7796,128,5412,3,254,0,0,2130
97,26,7796,128,5412,3,254,0,0,2130,38,7834,166,5578,5,259,0,0,1997
98,38,7834,166,5578,5,259,0,0,1997,77,7911,178,5756,3,262,0,0,1893
99,77,7911,178,5756,3,262,0,0,1893,79,7990,180,5936,3,265,0,0,1789
100,79,7990,180,5936,3,265,0,0,1789,58,8048,173,6109,4,269,0,0,1670
101,58,8048,173,6109,4,269,0,0,1670,46,8094,71,6180,5,274,0,0,1640
102,46,8094,71,6180,5,274,0,0,1640,18,8112,78,6258,3,277,0,0,1577
103,18,8112,78,6258,3,277,0,0,1577,28,8140,53,6311,3,280,0,0,1549
104,28,8140,53,6311,3,280,0,0,1549,56,8196,138,6449,2,282,0,0,1465
105,56,8196,138,6449,2,282,0,0,1465,45,8241,91,6540,3,285,0,0,1416
106,45,8241,91,6540,3,285,0,0,1416,50,8291,136,6676,4,289,0,0,1326
107,50,8291,136,6676,4,289,0,0,1326,82,8373,106,6782,3,292,0,0,1299
108,82,8373,106,6782,3,292,0,0,1299,55,8428,89,6871,2,294,0,0,1263
109,55,8428,89,6871,2,294,0,0,1263,51,8479,43,6914,1,295,0,0,1270
110,51,8479,43,6914,1,295,0,0,1270,20,8499,49,6963,2,297,0,0,1239
111,20,8499,49,6963,2,297,0,0,1239,113,8612,96,7059,3,300,0,0,1253
112,113,8612,96,7059,3,300,0,0,1253,62,8674,62,7121,2,302,0,0,1251
113,62,8674,62,7121,2,302,0,0,1251,74,8748,91,7212,5,307,0,0,1229
114,74,8748,91,7212,5,307,0,0,1229,35,8783,91,7303,3,310,0,0,1170
115,35,8783,91,7303,3,310,0,0,1170,59,8842,61,7364,2,312,0,0,1166
116,59,8842,61,7364,2,312,0,0,1166,77,8919,40,7404,1,313,0,0,1202
117,77,8919,40,7404,1,313,0,0,1202,65,8984,32,7436,1,314,0,0,1234
118,65,8984,32,7436,1,314,0,0,1234,47,9031,88,7524,1,315,0,0,1192
119,47,9031,88,7524,1,315,0,0,1192,51,9082,81,7605,1,316,0,0,1161
120,51,9082,81,7605,1,316,0,0,1161,37,9119,80,7685,0,316,0,0,1118
121,37,9119,80,7685,0,316,0,0,1118,54,9173,48,7733,2,318,0,0,1122
122,54,9173,48,7733,2,318,0,0,1122,57,9230,63,7796,0,318,0,0,1116
123,57,9230,63,7796,0,318,0,0,1116,34,9264,41,7837,0,318,0,0,1109
124,34,9264,41,7837,0,318,0,0,1109,38,9302,24,7861,0,318,0,0,1123
125,38,9302,24,7861,0,318,0,0,1123,34,9336,75,7936,2,320,0,0,1080
126,34,9336,75,7936,2,320,0,0,1080,63,9399,86,8022,1,321,0,0,1056
127,63,9399,86,8022,1,321,0,0,1056,74,9473,79,8101,1,322,0,0,1050
128,74,9473,79,8101,1,322,0,0,1050,61,9534,56,8157,3,325,0,0,1052
129,61,9534,56,8157,3,325,0,0,1052,35,9569,68,8225,0,325,0,0,1019
130,35,9569,68,8225,0,325,0,0,1019,38,9607,22,8247,0,325,0,0,1035
131,38,9607,22,8247,0,325,0,0,1035,61,9668,24,8271,1,326,0,0,1071
132,61,9668,24,8271,1,326,0,0,1071,69,9737,52,8323,0,326,0,0,1088
133,69,9737,52,8323,0,326,0,0,1088,55,9792,48,8371,1,327,0,0,1094
134,55,9792,48,8371,1,327,0,0,1094,73,9865,73,8444,1,328,0,0,1093
135,73,9865,73,8444,1,328,0,0,1093,64,9929,47,8491,1,329,0,0,1109
136,64,9929,47,8491,1,329,0,0,1109,52,9981,61,8552,1,330,0,0,1099
137,52,9981,61,8552,1,330,0,0,1099,53,10034,23,8575,0,330,0,0,1129
138,53,10034,23,8575,0,330,0,0,1129,33,10067,12,8587,1,331,0,0,1149
139,33,10067,12,8587,1,331,0,0,1149,40,10107,41,8628,1,332,0,0,1147
140,40,10107,41,8628,1,332,0,0,1147,47,10154,61,8689,1,333,0,0,1132
141,47,10154,61,8689,1,333,0,0,1132,51,10205,58,8747,1,334,0,0,1124
142,51,10205,58,8747,1,334,0,0,1124,118,10323,52,8799,2,336,0,0,1188
143,118,10323,52,8799,2,336,0,0,1188,126,10449,53,8852,1,337,0,0,1260
144,126,10449,53,8852,1,337,0,0,1260,43,10492,17,8869,1,338,0,0,1285
145,43,10492,17,8869,1,338,0,0,1285,50,10542,17,8886,1,339,0,0,1317
146,50,10542,17,8886,1,339,0,0,1317,64,10606,56,8942,1,340,0,0,1324
147,64,10606,56,8942,1,340,0,0,1324,89,10695,56,8998,0,340,0,0,1357
148,89,10695,56,8998,0,340,0,0,1357,127,10822,80,9078,4,344,0,0,1400
149,127,10822,80,9078,4,344,0,0,1400,93,10915,87,9165,0,344,0,0,1406
150,93,10915,87,9165,0,344,0,0,1406,168,11083,77,9242,1,345,0,0,1496
151,168,11083,77,9242,1,345,0,0,1496,260,11343,23,9265,1,346,0,0,1732
152,260,11343,23,9265,1,346,0,0,1732,305,11648,21,9286,0,346,0,0,2016
153,305,11648,21,9286,0,346,0,0,2016,201,11849,54,9340,0,346,0,0,2163
154,201,11849,54,9340,0,346,0,0,2163,149,11998,65,9405,1,347,0,0,2246
155,149,11998,65,9405,1,347,0,0,2246,90,12088,125,9530,0,347,0,0,2211
156,90,12088,125,9530,0,347,0,0,2211,133,12221,95,9625,1,348,0,0,2248
157,133,12221,95,9625,1,348,0,0,2248,140,12361,91,9716,0,348,0,0,2297
158,140,12361,91,9716,0,348,0,0,2297,121,12482,46,9762,2,350,0,0,2370
159,121,12482,46,9762,2,350,0,0,2370,75,12557,32,9794,2,352,0,0,2411
160,75,12557,32,9794,2,352,0,0,2411,51,12608,42,9836,1,353,0,0,2419
161,51,12608,42,9836,1,353,0,0,2419,118,12726,107,9943,0,353,0,0,2430
162,118,12726,107,9943,0,353,0,0,2430,129,12855,240,10183,0,353,0,0,2319
163,129,12855,240,10183,0,353,0,0,2319,105,12960,136,10319,1,354,0,0,2287
164,105,12960,136,10319,1,354,0,0,2287,141,13101,181,10500,0,354,0,0,2247
165,141,13101,181,10500,0,354,0,0,2247,53,13154,197,10697,0,354,0,0,2103
166,53,13154,197,10697,0,354,0,0,2103,59,13213,207,10904,1,355,0,0,1954
167,59,13213,207,10904,1,355,0,0,1954,64,13277,284,11188,1,356,0,0,1733
168,64,13277,284,11188,1,356,0,0,1733,105,13382,159,11347,2,358,0,0,1677
169,105,13382,159,11347,2,358,0,0,1677,134,13516,119,11466,0,358,0,0,1692
170,134,13516,119,11466,0,358,0,0,1692,137,13653,140,11606,0,358,0,0,1689
171,137,13653,140,11606,0,358,0,0,1689,128,13781,180,11786,2,360,0,0,1635
172,128,13781,180,11786,2,360,0,0,1635,112,13893,73,11859,0,360,0,0,1674
173,112,13893,73,11859,0,360,0,0,1674,91,13984,48,11907,1,361,0,0,1716
174,91,13984,48,11907,1,361,0,0,1716,168,14152,114,12021,0,361,0,0,1770
175,168,14152,114,12021,0,361,0,0,1770,207,14359,121,12142,2,363,0,0,1854
176,207,14359,121,12142,2,363,0,0,1854,245,14604,119,12261,2,365,0,0,1978
177,245,14604,119,12261,2,365,0,0,1978,231,14835,98,12359,1,366,0,0,2110
178,231,14835,98,12359,1,366,0,0,2110,278,15113,90,12449,3,369,0,0,2295
179,278,15113,90,12449,3,369,0,0,2295,132,15245,61,12510,2,371,0,0,2364
180,132,15245,61,12510,2,371,0,0,2364,114,15359,56,12566,1,372,0,0,2421
181,114,15359,56,12566,1,372,0,0,2421,194,15553,127,12693,2,374,0,0,2486
182,194,15553,127,12693,2,374,0,0,2486,276,15829,117,12810,2,376,0,0,2643
183,276,15829,117,12810,2,376,0,0,2643,274,16103,117,12927,2,378,0,0,2798
184,274,16103,117,12927,2,378,0,0,2798,254,16357,145,13072,2,380,0,0,2905
185,254,16357,145,13072,2,380,0,0,2905,231,16588,193,13265,2,382,0,0,2941
186,231,16588,193,13265,2,382,0,0,2941,124,16712,75,13340,2,384,0,0,2988
187,124,16712,75,13340,2,384,0,0,2988,101,16813,93,13433,2,386,0,0,2994
188,101,16813,93,13433,2,386,0,0,2994,208,17021,225,13658,2,388,0,0,2975
189,208,17021,225,13658,2,388,0,0,2975,287,17308,233,13891,2,390,0,0,3027
190,287,17308,233,13891,2,390,0,0,3027,241,17549,197,14088,1,391,0,0,3070
191,241,17549,197,14088,1,391,0,0,3070,214,17763,233,14321,1,392,0,0,3050
192,214,17763,233,14321,1,392,0,0,3050,322,18085,262,14583,0,392,0,0,3110
193,322,18085,262,14583,0,392,0,0,3110,173,18258,121,14704,0,392,0,0,3162
194,173,18258,121,14704,0,392,0,0,3162,122,18380,64,14768,1,393,0,0,3219
195,122,18380,64,14768,1,393,0,0,3219,141,18521,306,15074,0,393,0,0,3054
196,141,18521,306,15074,0,393,0,0,3054,288,18809,250,15324,2,395,0,0,3090
197,288,18809,250,15324,2,395,0,0,3090,289,19098,232,15556,0,395,0,0,3147
198,289,19098,232,15556,0,395,0,0,3147,330,19428,220,15776,1,396,0,0,3256
199,330,19428,220,15776,1,396,0,0,3256,291,19719,247,16023,2,398,0,0,3298
200,291,19719,247,16023,2,398,0,0,3298,197,19916,107,16130,2,400,0,0,3386
201,197,19916,107,16130,2,400,0,0,3386,121,20037,75,16205,2,402,0,0,3430
202,121,20037,75,16205,2,402,0,0,3430,191,20228,281,16486,4,406,0,0,3336
203,191,20228,281,16486,4,406,0,0,3336,281,20509,274,16760,0,406,0,0,3343
204,281,20509,274,16760,0,406,0,0,3343,313,20822,272,17032,3,409,0,0,3381
205,313,20822,272,17032,3,409,0,0,3381,246,21068,243,17275,3,412,0,0,3381
206,246,21068,243,17275,3,412,0,0,3381,506,21574,266,17541,3,415,0,0,3618
207,506,21574,266,17541,3,415,0,0,3618,234,21808,126,17667,0,415,0,0,3726
208,234,21808,126,17667,0,415,0,0,3726,136,21944,91,17758,3,418,0,0,3768
209,136,21944,91,17758,3,418,0,0,3768,259,22203,281,18039,1,419,0,0,3745
210,259,22203,281,18039,1,419,0,0,3745,364,22567,278,18317,2,421,0,0,3829
211,364,22567,278,18317,2,421,0,0,3829,396,22963,272,18589,1,422,0,0,3952
212,396,22963,272,18589,1,422,0,0,3952,350,23313,331,18920,0,422,0,0,3971
213,350,23313,331,18920,0,422,0,0,3971,485,23798,267,19187,0,422,0,0,4189
214,485,23798,267,19187,0,422,0,0,4189,320,24118,150,19337,3,425,0,0,4356
215,320,24118,150,19337,3,425,0,0,4356,275,24393,97,19434,1,426,0,0,4533
216,275,24393,97,19434,1,426,0,0,4533,256,24649,327,19761,1,427,0,0,4461
217,256,24649,327,19761,1,427,0,0,4461,497,25146,279,20040,1,428,0,0,4678
218,497,25146,279,20040,1,428,0,0,4678,645,25791,328,20368,0,428,0,0,4995
219,645,25791,328,20368,0,428,0,0,4995,675,26466,370,20738,4,432,0,0,5296
220,675,26466,370,20738,4,432,0,0,5296,797,27263,334,21072,3,435,0,0,5756
221,797,27263,334,21072,3,435,0,0,5756,504,27767,163,21235,5,440,0,0,6092
222,504,27767,163,21235,5,440,0,0,6092,410,28177,130,21365,3,443,0,0,6369
223,410,28177,130,21365,3,443,0,0,6369,561,28738,420,21785,2,445,0,0,6508
224,561,28738,420,21785,2,445,0,0,6508,1161,29899,343,22128,5,450,0,0,7321
225,1161,29899,343,22128,5,450,0,0,7321,1158,31057,406,22534,3,453,0,0,8070
226,1158,31057,406,22534,3,453,0,0,8070,1383,32440,560,23094,5,458,0,0,8888
227,1383,32440,560,23094,5,458,0,0,8888,1442,33882,872,23966,3,461,0,0,9455
228,1442,33882,872,23966,3,461,0,0,9455,1537,35419,726,24692,6,467,0,0,10260
229,1537,35419,726,24692,6,467,0,0,10260,791,36210,703,25395,5,472,0,0,10343
230,791,36210,703,25395,5,472,0,0,10343,1028,37238,977,26372,6,478,0,0,10388
231,1028,37238,977,26372,6,478,0,0,10388,1676,38914,549,26921,10,488,0,0,11505
232,1676,38914,549,26921,10,488,0,0,11505,2133,41047,338,27259,7,495,0,0,13293
233,2133,41047,338,27259,7,495,0,0,13293,3125,44172,874,28133,7,502,0,0,15537
234,3125,44172,874,28133,7,502,0,0,15537,2108,46280,1051,29184,12,514,0,0,16582
235,2108,46280,1051,29184,12,514,0,0,16582,2045,48325,1050,30234,8,522,0,0,17569
236,2045,48325,1050,30234,8,522,0,0,17569,984,49309,1191,31425,6,528,0,0,17356
237,984,49309,1191,31425,6,528,0,0,17356,1477,50786,1578,33003,15,543,0,0,17240
238,1477,50786,1578,33003,15,543,0,0,17240,2387,53173,1017,34020,10,553,0,0,18600
239,2387,53173,1017,34020,10,553,0,0,18600,2305,55478,855,34875,22,575,0,0,20028
240,2305,55478,855,34875,22,575,0,0,20028,2906,58384,1528,36403,10,585,0,0,21396
241,2906,58384,1528,36403,10,585,0,0,21396,2945,61329,1946,38349,10,595,0,0,22385
242,2945,61329,1946,38349,10,595,0,0,22385,1981,63310,1664,40013,16,611,0,0,22686
243,1981,63310,1664,40013,16,611,0,0,22686,1305,64615,2021,42034,16,627,0,0,21954
244,1305,64615,2021,42034,16,627,0,0,21954,1284,65899,1973,44007,11,638,0,0,21254
245,1284,65899,1973,44007,11,638,0,0,21254,1962,67861,1732,45739,21,659,0,0,21463
246,1962,67861,1732,45739,21,659,0,0,21463,2925,70786,1317,47056,16,675,0,0,23055
247,2925,70786,1317,47056,16,675,0,0,23055,3503,74289,1979,49035,29,704,0,0,24550
248,3503,74289,1979,49035,29,704,0,0,24550,3795,78084,2421,51456,21,725,0,0,25903
249,3795,78084,2421,51456,21,725,0,0,25903,2554,80638,2246,53702,13,738,0,0,26198
250,2554,80638,2246,53702,13,738,0,0,26198,1841,82479,2200,55902,35,773,0,0,25804
251,1841,82479,2200,55902,35,773,0,0,25804,3118,85597,2894,58796,29,802,0,0,25999
252,3118,85597,2894,58796,29,802,0,0,25999,4458,90055,2002,60798,38,840,0,0,28417
253,4458,90055,2002,60798,38,840,0,0,28417,5336,95391,1522,62320,51,891,0,0,32180
254,5336,95391,1522,62320,51,891,0,0,32180,5394,100785,1571,63891,26,917,0,0,35977
255,5394,100785,1571,63891,26,917,0,0,35977,8618,109403,2251,66142,61,978,0,0,42283
256,8618,109403,2251,66142,61,978,0,0,42283,4637,114040,2703,68845,53,1031,0,0,44164
257,4637,114040,2703,68845,53,1031,0,0,44164,3104,117144,2998,71843,43,1074,0,0,44227
258,3104,117144,2998,71843,43,1074,0,0,44227,4307,121451,3732,75575,70,1144,0,0,44732
259,4307,121451,3732,75575,70,1144,0,0,44732,8324,129775,2506,78081,53,1197,0,0,50497
260,8324,129775,2506,78081,53,1197,0,0,50497,9544,139319,1779,79860,67,1264,0,0,58195
261,9544,139319,1779,79860,67,1264,0,0,58195,9724,149043,3415,83275,63,1327,0,0,64441
262,9724,149043,3415,83275,63,1327,0,0,64441,11104,160147,5145,88420,80,1407,0,0,70320
263,11104,160147,5145,88420,80,1407,0,0,70320,8713,168860,5312,93732,81,1488,0,0,73640
264,8713,168860,5312,93732,81,1488,0,0,73640,5059,173919,5507,99239,82,1570,0,0,73110
265,5059,173919,5507,99239,82,1570,0,0,73110,8077,181996,6171,105410,110,1680,0,0,74906
266,8077,181996,6171,105410,110,1680,0,0,74906,11985,193981,4477,109887,109,1789,0,0,82305
267,11985,193981,4477,109887,109,1789,0,0,82305,14971,208952,3442,113329,131,1920,0,0,93703
268,14971,208952,3442,113329,131,1920,0,0,93703,14156,223108,4988,118317,127,2047,0,0,102744
269,14156,223108,4988,118317,127,2047,0,0,102744,15248,238356,8625,126942,125,2172,0,0,109242
270,15248,238356,8625,126942,125,2172,0,0,109242,12473,250829,8344,135286,143,2315,0,0,113228
271,12473,250829,8344,135286,143,2315,0,0,113228,7300,258129,11054,146340,154,2469,0,0,109320
272,7300,258129,11054,146340,154,2469,0,0,109320,10273,268402,11955,158295,163,2632,0,0,107475
273,10273,268402,11955,158295,163,2632,0,0,107475,15667,284069,8880,167175,195,2827,0,0,114067
274,15667,284069,8880,167175,195,2827,0,0,114067,12977,297046,4358,171533,168,2995,0,0,122518
275,12977,297046,4358,171533,168,2995,0,0,122518,13050,310096,13142,184675,199,3194,0,0,122227
276,13050,310096,13142,184675,199,3194,0,0,122227,13604,323700,14695,199370,217,3411,0,0,120919
277,13604,323700,14695,199370,217,3411,0,0,120919,11428,335128,14520,213890,193,3604,0,0,117634
278,11428,335128,14520,213890,193,3604,0,0,117634,6551,341679,13887,227777,224,3828,0,0,110074
279,6551,341679,13887,227777,224,3828,0,0,110074,9241,350920,15865,243642,223,4051,0,0,103227
280,9241,350920,15865,243642,223,4051,0,0,103227,12090,363010,6689,250331,261,4312,0,0,108367
281,12090,363010,6689,250331,261,4312,0,0,108367,15726,378736,5715,256046,228,4540,0,0,118150
282,15726,378736,5715,256046,228,4540,0,0,118150,13237,391973,17065,273111,196,4736,0,0,114126
283,13237,391973,17065,273111,196,4736,0,0,114126,11546,403519,17080,290191,217,4953,0,0,108375
284,11546,403519,17080,290191,217,4953,0,0,108375,7721,411240,7481,297672,203,5156,0,0,108412
285,7721,411240,7481,297672,203,5156,0,0,108412,3611,414851,15221,312893,206,5362,0,0,96596
286,3611,414851,15221,312893,206,5362,0,0,96596,6049,420900,14502,327395,186,5548,0,0,87957
287,6049,420900,14502,327395,186,5548,0,0,87957,9057,429957,6703,334098,215,5763,0,0,90096
288,9057,429957,6703,334098,215,5763,0,0,90096,8919,438876,5381,339479,184,5947,0,0,93450
289,8919,438876,5381,339479,184,5947,0,0,93450,7874,446750,13955,353434,174,6121,0,0,87195
290,7874,446750,13955,353434,174,6121,0,0,87195,7358,454108,13269,366703,181,6302,0,0,81103
291,7358,454108,13269,366703,181,6302,0,0,81103,4196,458304,12064,378767,185,6487,0,0,73050
292,4196,458304,12064,378767,185,6487,0,0,73050,1891,460195,11148,389915,152,6639,0,0,63641
293,1891,460195,11148,389915,152,6639,0,0,63641,5418,465613,10158,400073,173,6812,0,0,58728
294,5418,465613,10158,400073,173,6812,0,0,58728,4246,469859,3977,404050,139,6951,0,0,58858
295,4246,469859,3977,404050,139,6951,0,0,58858,5514,475373,3279,407329,155,7106,0,0,60938
296,5514,475373,3279,407329,155,7106,0,0,60938,6470,481843,9281,416610,134,7240,0,0,57993
297,6470,481843,9281,416610,134,7240,0,0,57993,5809,487652,9086,425696,117,7357,0,0,54599
298,5809,487652,9086,425696,117,7357,0,0,54599,3191,490843,7340,433036,132,7489,0,0,50318
299,3191,490843,7340,433036,132,7489,0,0,50318,1508,492351,6349,439385,126,7615,0,0,45351
300,1508,492351,6349,439385,126,7615,0,0,45351,4379,496730,6694,446079,129,7744,0,0,42907
301,4379,496730,6694,446079,129,7744,0,0,42907,5861,502591,3000,449079,136,7880,0,0,45632
302,5861,502591,3000,449079,136,7880,0,0,45632,4929,507520,1971,451050,123,8003,0,0,48467
303,4929,507520,1971,451050,123,8003,0,0,48467,4049,511569,7362,458412,130,8133,0,0,45024
304,4049,511569,7362,458412,130,8133,0,0,45024,4462,516031,2894,461306,138,8271,0,0,46454
305,4462,516031,2894,461306,138,8271,0,0,46454,2668,518699,6482,467788,117,8388,0,0,42523
306,2668,518699,6482,467788,117,8388,0,0,42523,1074,519773,5770,473558,95,8483,0,0,37732
307,1074,519773,5770,473558,95,8483,0,0,37732,3572,523345,5438,478996,126,8609,0,0,35740
308,3572,523345,5438,478996,126,8609,0,0,35740,5180,528525,2311,481307,100,8709,0,0,38509
309,5180,528525,2311,481307,100,8709,0,0,38509,4561,533086,1424,482731,116,8825,0,0,41530
310,4561,533086,1424,482731,116,8825,0,0,41530,4624,537710,5914,488645,102,8927,0,0,40138
311,4624,537710,5914,488645,102,8927,0,0,40138,4747,542457,5309,493954,92,9019,0,0,39484
312,4747,542457,5309,493954,92,9019,0,0,39484,3313,545770,4160,498114,129,9148,0,0,38508
313,3313,545770,4160,498114,129,9148,0,0,38508,1112,546882,3742,501856,91,9239,0,0,35787
314,1112,546882,3742,501856,91,9239,0,0,35787,4251,551133,4582,506438,94,9333,0,0,35362
315,4251,551133,4582,506438,94,9333,0,0,35362,5855,556988,1764,508202,95,9428,0,0,39358
316,5855,556988,1764,508202,95,9428,0,0,39358,6416,563404,1172,509374,82,9510,0,0,44520
317,6416,563404,1172,509374,82,9510,0,0,44520,5874,569278,5132,514506,116,9626,0,0,45146
318,5874,569278,5132,514506,116,9626,0,0,45146,6210,575488,4993,519499,105,9731,0,0,46258
319,6210,575488,4993,519499,105,9731,0,0,46258,3655,579143,4112,523611,97,9828,0,0,45704
320,3655,579143,4112,523611,97,9828,0,0,45704,1998,581141,4097,527708,108,9936,0,0,43497
321,1998,581141,4097,527708,108,9936,0,0,43497,5178,586319,4759,532467,130,10066,0,0,43786
322,5178,586319,4759,532467,130,10066,0,0,43786,7911,594230,1936,534403,105,10171,0,0,49656
323,7911,594230,1936,534403,105,10171,0,0,49656,8257,602487,1464,535867,114,10285,0,0,56335
324,8257,602487,1464,535867,114,10285,0,0,56335,7614,610101,6203,542070,106,10391,0,0,57640
325,7614,610101,6203,542070,106,10391,0,0,57640,8841,618942,6183,548253,100,10491,0,0,60198
326,8841,618942,6183,548253,100,10491,0,0,60198,5329,624271,5551,553804,114,10605,0,0,59862
327,5329,624271,5551,553804,114,10605,0,0,59862,3407,627678,5462,559266,98,10703,0,0,57709
328,3407,627678,5462,559266,98,10703,0,0,57709,7958,635636,6216,565482,104,10807,0,0,59347
329,7958,635636,6216,565482,104,10807,0,0,59347,10921,646557,2652,568134,102,10909,0,0,67514
330,10921,646557,2652,568134,102,10909,0,0,67514,14147,660704,1874,570008,115,11024,0,0,79672
331,14147,660704,1874,570008,115,11024,0,0,79672,4375,665079,7588,577596,111,11135,0,0,76348
332,4375,665079,7588,577596,111,11135,0,0,76348,2673,667752,7836,585432,106,11241,0,0,71079
333,2673,667752,7836,585432,106,11241,0,0,71079,3033,670785,7762,593194,125,11366,0,0,66225
334,3033,670785,7762,593194,125,11366,0,0,66225,3787,674572,7299,600493,108,11474,1278,0,62605
335,3787,674572,7299,600493,108,11474,1278,0,62605,10946,685518,8408,608901,131,11605,3585,0,65012
336,10946,685518,8408,608901,131,11605,3585,0,65012,16491,702009,4015,612916,132,11737,7052,0,77356
337,16491,702009,4015,612916,132,11737,7052,0,77356,17074,719083,3219,616135,150,11887,10568,0,91061
338,17074,719083,3219,616135,150,11887,10568,0,91061,13321,732404,11051,627186,129,12016,11788,0,93202
339,13321,732404,11051,627186,129,12016,11788,0,93202,3448,735852,12249,639435,152,12168,12057,0,84249
340,3448,735852,12249,639435,152,12168,12057,0,84249,4987,740839,11154,650589,152,12320,13336,0,77930
341,4987,740839,11154,650589,152,12320,13336,0,77930,6269,747108,2090,652679,141,12461,14229,0,81968
342,6269,747108,2090,652679,141,12461,14229,0,81968,12970,760078,2396,655075,152,12613,17605,0,92390
343,12970,760078,2396,655075,152,12613,17605,0,92390,17411,777489,3807,658882,181,12794,22442,0,105813
344,17411,777489,3807,658882,181,12794,22442,0,105813,17783,795272,4923,663805,162,12956,28017,0,118511
345,17783,795272,4923,663805,162,12956,28017,0,118511,14899,810171,14491,678296,187,13143,35671,0,118732
346,14899,810171,14491,678296,187,13143,35671,0,118732,13110,823281,15920,694216,197,13340,44621,0,115725
347,13110,823281,15920,694216,197,13340,44621,0,115725,8454,831735,16182,710398,165,13505,46612,0,107832
348,8454,831735,16182,710398,165,13505,46612,0,107832,4315,836050,8729,719127,184,13689,48340,1,103234
349,4315,836050,8729,719127,184,13689,48340,1,103234,9397,845447,2078,721205,163,13852,58411,3,110390
350,9397,845447,2078,721205,163,13852,58411,3,110390,10816,856263,6925,728130,177,14029,71450,5,114104
351,10816,856263,6925,728130,177,14029,71450,5,114104,10934,867197,6314,734444,164,14193,85570,5,118560
352,10934,867197,6314,734444,164,14193,85570,5,118560,8109,875306,18029,752473,181,14374,101813,10,108459
353,8109,875306,18029,752473,181,14374,101813,10,108459,9335,884641,17411,769884,165,14539,117033,13,100218
354,9335,884641,17411,769884,165,14539,117033,13,100218,5247,889888,14918,784802,156,14695,119281,16,90391
355,5247,889888,14918,784802,156,14695,119281,16,90391,2646,892534,13271,798073,158,14853,121832,522,79608
356,2646,892534,13271,798073,158,14853,121832,522,79608,7682,900216,12714,810787,160,15013,134791,2701,74416
357,7682,900216,12714,810787,160,15013,134791,2701,74416,9621,909837,5407,816194,157,15170,148898,4480,78473
358,9621,909837,5407,816194,157,15170,148898,4480,78473,8230,918067,4356,820550,148,15318,160014,7108,82199
359,8230,918067,4356,820550,148,15318,160014,7108,82199,7545,925612,12273,832823,152,15470,175468,9196,77319
360,7545,925612,12273,832823,152,15470,175468,9196,77319,8475,934087,10551,843374,136,15606,190954,10130,75107
361,8475,934087,10551,843374,136,15606,190954,10130,75107,4241,938328,9611,852985,143,15749,194740,10890,69594
362,4241,938328,9611,852985,143,15749,194740,10890,69594,2400,940728,8016,861001,145,15894,197359,11800,63833
363,2400,940728,8016,861001,145,15894,197359,11800,63833,6984,947712,8712,869713,140,16034,208225,14796,61965
364,6984,947712,8712,869713,140,16034,208225,14796,61965,9199,956911,3733,873446,143,16177,221398,18958,67288
365,9199,956911,3733,873446,143,16177,221398,18958,67288,8514,965425,2784,876230,160,16337,229858,23938,72858
366,8514,965425,2784,876230,160,16337,229858,23938,72858,8015,973440,9679,885909,135,16472,238066,29499,71059
367,8015,973440,9679,885909,135,16472,238066,29499,71059,8059,981499,8946,894855,152,16624,243103,36735,70020
368,8059,981499,8946,894855,152,16624,243103,36735,70020,4058,985557,7887,902742,126,16750,243835,37772,66065
369,4058,985557,7887,902742,126,16750,243835,37772,66065,2578,988135,6963,909705,120,16870,244436,38915,61560
370,2578,988135,6963,909705,120,16870,244436,38915,61560,7238,995373,7651,917356,133,17003,247947,46255,61014
371,7238,995373,7651,917356,133,17003,247947,46255,61014,9159,1004532,3202,920558,135,17138,253376,56187,66836
372,9159,1004532,3202,920558,135,17138,253376,56187,66836,9671,1014203,2692,923250,137,17275,256740,67367,73678
373,9671,1014203,2692,923250,137,17275,256740,67367,73678,8113,1022316,9812,933062,129,17404,259845,82337,71850
374,8113,1022316,9812,933062,129,17404,259845,82337,71850,8633,1030949,8971,942033,127,17531,266260,93837,71385
375,8633,1030949,8971,942033,127,17531,266260,93837,71385,4823,1035772,7693,949726,128,17659,266783,96046,68387
376,4823,1035772,7693,949726,128,17659,266783,96046,68387,2453,1038225,6903,956629,131,17790,268057,99682,63806
377,2453,1038225,6903,956629,131,17790,268057,99682,63806,7792,1046017,7748,964377,139,17929,272908,113442,63711
378,7792,1046017,7748,964377,139,17929,272908,113442,63711,10294,1056311,2939,967316,133,18062,277687,126033,70933
379,10294,1056311,2939,967316,133,18062,277687,126033,70933,9557,1065868,2650,969966,133,18195,283398,137069,77707
380,9557,1065868,2650,969966,133,18195,283398,137069,77707,9031,1074899,9802,979768,130,18325,289050,149972,76806
381,9031,1074899,9802,979768,130,18325,289050,149972,76806,8837,1083736,9029,988797,144,18469,297300,171091,76470
382,8837,1083736,9029,988797,144,18469,297300,171091,76470,5145,1088881,8387,997184,117,18586,298993,173844,73111
383,5145,1088881,8387,997184,117,18586,298993,173844,73111,2883,1091764,7626,1004810,150,18736,300225,175105,68218
384,2883,1091764,7626,1004810,150,18736,300225,175105,68218,8909,1100673,8456,1013266,130,18866,308983,186573,68541
385,8909,1100673,8456,1013266,130,18866,308983,186573,68541,12616,1113289,3140,1016406,150,19016,316738,202689,77867
386,12616,1113289,3140,1016406,150,19016,316738,202689,77867,10951,1124240,2692,1019098,132,19148,324953,207673,85994
387,10951,1124240,2692,1019098,132,19148,324953,207673,85994,11713,1135953,10418,1029516,173,19321,346532,215795,87116
388,11713,1135953,10418,1029516,173,19321,346532,215795,87116,11294,1147247,9543,1039059,181,19502,362383,223700,88686
389,11294,1147247,9543,1039059,181,19502,362383,223700,88686,6777,1154024,9133,1048192,177,19679,364350,223886,86153
390,6777,1154024,9133,1048192,177,19679,364350,223886,86153,4072,1158096,8218,1056410,148,19827,365351,224929,81859
391,4072,1158096,8218,1056410,148,19827,365351,224929,81859,11431,1169527,9064,1065474,165,19992,377919,232051,84061
392,11431,1169527,9064,1065474,165,19992,377919,232051,84061,15856,1185383,3479,1068953,148,20140,387143,237150,96290
393,15856,1185383,3479,1068953,148,20140,387143,237150,96290,13812,1199195,3115,1072068,143,20283,398856,240730,106844
394,13812,1199195,3115,1072068,143,20283,398856,240730,106844,14600,1213795,12135,1084203,182,20465,417920,244153,109127
395,14600,1213795,12135,1084203,182,20465,417920,244153,109127,14804,1228599,11058,1095261,192,20657,435186,249718,112681
396,14804,1228599,11058,1095261,192,20657,435186,249718,112681,7864,1236463,11002,1106263,193,20850,438194,250275,109350
397,7864,1236463,11002,1106263,193,20850,438194,250275,109350,4596,1241059,10632,1116895,183,21033,440540,250824,103131
398,4596,1241059,10632,1116895,183,21033,440540,250824,103131,12346,1253405,11474,1128369,205,21238,460125,254268,103798
399,12346,1253405,11474,1128369,205,21238,460125,254268,103798,16808,1270213,4702,1133071,192,21430,487341,257808,115712
400,16808,1270213,4702,1133071,192,21430,487341,257808,115712,15258,1285471,4010,1137081,201,21631,518220,262310,126759
401,15258,1285471,4010,1137081,201,21631,518220,262310,126759,14661,1300132,15432,1152513,218,21849,551489,266991,125770
402,14661,1300132,15432,1152513,218,21849,551489,266991,125770,13175,1313307,14825,1167338,186,22035,580927,271423,123934
403,13175,1313307,14825,1167338,186,22035,580927,271423,123934,9133,1322440,13944,1181282,209,22244,592013,272470,118914
404,9133,1322440,13944,1181282,209,22244,592013,272470,118914,3990,1326430,12961,1194243,204,22448,603483,273474,109739
405,3990,1326430,12961,1194243,204,22448,603483,273474,109739,10672,1337102,13093,1207336,236,22684,634107,278460,107082
406,10672,1337102,13093,1207336,236,22684,634107,278460,107082,15373,1352475,5398,1212734,231,22915,670492,284511,116826
407,15373,1352475,5398,1212734,231,22915,670492,284511,116826,14556,1367031,4794,1217528,229,23144,708725,289491,126359
408,14556,1367031,4794,1217528,229,23144,708725,289491,126359,11257,1378288,716,1218244,229,23373,751473,297146,136671
409,11257,1378288,716,1218244,229,23373,751473,297146,136671,14983,1393271,787,1219031,213,23586,790533,304394,150654
410,14983,1393271,787,1219031,213,23586,790533,304394,150654,7039,1400310,330,1219361,178,23764,807106,305786,157185
411,7039,1400310,330,1219361,178,23764,807106,305786,157185,3342,1403652,282,1219643,229,23993,820885,306835,160016
412,3342,1403652,282,1219643,229,23993,820885,306835,160016,10642,1414294,17062,1236705,238,24231,848102,315131,153358
413,10642,1414294,17062,1236705,238,24231,848102,315131,153358,14051,1428345,15497,1252202,219,24450,889533,326863,151693
414,14051,1428345,15497,1252202,219,24450,889533,326863,151693,12046,1440391,14674,1266876,199,24649,924553,338137,148866
415,12046,1440391,14674,1266876,199,24649,924553,338137,148866,10685,1451076,13772,1280648,214,24863,960210,352514,145565
416,10685,1451076,13772,1280648,214,24863,960210,352514,145565,9731,1460807,13497,1294145,173,25036,993341,363698,141626
417,9731,1460807,13497,1294145,173,25036,993341,363698,141626,5495,1466302,4930,1299075,185,25221,1008101,364741,142006
418,5495,1466302,4930,1299075,185,25221,1008101,364741,142006,2393,1468695,3990,1303065,193,25414,1015032,366292,140216
419,2393,1468695,3990,1303065,193,25414,1015032,366292,140216,8251,1476946,15883,1318948,210,25624,1036990,376470,132374
420,8251,1476946,15883,1318948,210,25624,1036990,376470,132374,10983,1487929,14747,1333695,193,25817,1063461,390106,128417
421,10983,1487929,14747,1333695,193,25817,1063461,390106,128417,8862,1496791,13254,1346949,185,26002,1087207,405052,123840
422,8862,1496791,13254,1346949,185,26002,1087207,405052,123840,7941,1504732,12459,1359408,161,26163,1113350,425849,119161
423,7941,1504732,12459,1359408,161,26163,1113350,425849,119161,7727,1512459,12274,1371682,155,26318,1138456,443702,114459
424,7727,1512459,12274,1371682,155,26318,1138456,443702,114459,3980,1516439,4243,1375925,181,26499,1148468,448410,114015
425,3980,1516439,4243,1375925,181,26499,1148468,448410,114015,1745,1518184,3341,1379266,117,26616,1152277,452315,112302
426,1745,1518184,3341,1379266,117,26616,1152277,452315,112302,6948,1525132,14527,1393793,181,26797,1170748,475101,104542
427,6948,1525132,14527,1393793,181,26797,1170748,475101,104542,8642,1533774,12677,1406470,171,26968,1196692,496862,100336
428,8642,1533774,12677,1406470,171,26968,1196692,496862,100336,7274,1541048,11017,1417487,153,27121,1219252,522841,96440
429,7274,1541048,11017,1417487,153,27121,1219252,522841,96440,6253,1547301,9757,1427244,152,27273,1244712,557596,92784
430,6253,1547301,9757,1427244,152,27273,1244712,557596,92784,3840,1551141,9369,1436613,104,27377,1250969,569882,87151
431,3840,1551141,9369,1436613,104,27377,1250969,569882,87151,2160,1553301,2987,1439600,126,27503,1254464,581959,86198
432,2160,1553301,2987,1439600,126,27503,1254464,581959,86198,1930,1555231,2543,1442143,146,27649,1257714,591515,85439
433,1930,1555231,2543,1442143,146,27649,1257714,591515,85439,1427,1556658,11104,1453247,124,27773,1260136,600124,75638
434,1427,1556658,11104,1453247,124,27773,1260136,600124,75638,5596,1562254,9758,1463005,114,27887,1275356,628478,71362
435,5596,1562254,9758,1463005,114,27887,1275356,628478,71362,7059,1569313,8663,1471668,121,28008,1297499,649168,69637
436,7059,1569313,8663,1471668,121,28008,1297499,649168,69637,5293,1574606,7145,1478813,122,28130,1336363,681685,67663
437,5293,1574606,7145,1478813,122,28130,1336363,681685,67663,4830,1579436,7536,1486349,107,28237,1377269,711903,64850
438,4830,1579436,7536,1486349,107,28237,1377269,711903,64850,2217,1581653,2336,1488685,110,28347,1393916,729976,64621
439,2217,1581653,2336,1488685,110,28347,1393916,729976,64621,986,1582639,1982,1490667,93,28440,1403485,741439,63532
440,986,1582639,1982,1490667,93,28440,1403485,741439,63532,3872,1586511,9547,1500214,84,28524,1440994,766604,57773
441,3872,1586511,9547,1500214,84,28524,1440994,766604,57773,5074,1591585,7679,1507893,91,28615,1473281,786010,55077
442,5074,1591585,7679,1507893,91,28615,1473281,786010,55077,3720,1595305,6675,1514568,90,28705,1511889,813581,52032
443,3720,1595305,6675,1514568,90,28705,1511889,813581,52032,3276,1598581,6119,1520687,86,28791,1553473,836863,49103
444,3276,1598581,6119,1520687,86,28791,1553473,836863,49103,3221,1601802,2485,1523172,66,28857,1595997,862475,49773
445,3221,1601802,2485,1523172,66,28857,1595997,862475,49773,1542,1603344,2065,1525237,74,28931,1612685,871499,49176
446,1542,1603344,2065,1525237,74,28931,1612685,871499,49176,837,1604181,1744,1526981,78,29009,1624557,874981,48191
447,837,1604181,1744,1526981,78,29009,1624557,874981,48191,3345,1607526,1532,1528513,72,29081,1668529,890401,49932
448,3345,1607526,1532,1528513,72,29081,1668529,890401,49932,3817,1611343,7786,1536299,64,29145,1711635,905303,45899
449,3817,1611343,7786,1536299,64,29145,1711635,905303,45899,2958,1614301,6287,1542586,64,29209,1758889,919359,42506
450,2958,1614301,6287,1542586,64,29209,1758889,919359,42506,2630,1616931,4620,1547206,56,29265,1816092,937271,40460
451,2630,1616931,4620,1547206,56,29265,1816092,937271,40460,2608,1619539,4200,1551406,54,29319,1866049,949099,38814
452,2608,1619539,4200,1551406,54,29319,1866049,949099,38814,1311,1620850,1432,1552838,57,29376,1883875,954326,38636
453,1311,1620850,1432,1552838,57,29376,1883875,954326,38636,828,1621678,1166,1554004,53,29429,1898561,958302,38245
454,828,1621678,1166,1554004,53,29429,1898561,958302,38245,2593,1624271,5585,1559589,58,29487,1943779,964053,35195
455,2593,1624271,5585,1559589,58,29487,1943779,964053,35195,3247,1627518,4144,1563733,51,29538,1991112,975131,34247
456,3247,1627518,4144,1563733,51,29538,1991112,975131,34247,2491,1630009,3575,1567308,67,29605,2049854,987668,33096
457,2491,1630009,3575,1567308,67,29605,2049854,987668,33096,2231,1632240,3039,1570347,42,29647,2113770,1001593,32246
458,2231,1632240,3039,1570347,42,29647,2113770,1001593,32246,2173,1634413,3030,1573377,49,29696,2176001,1010091,31340
459,2173,1634413,3030,1573377,49,29696,2176001,1010091,31340,1173,1635586,1015,1574392,33,29729,2195323,1013430,31465
460,1173,1635586,1015,1574392,33,29729,2195323,1013430,31465,511,1636097,795,1575187,34,29763,2214233,1015665,31147
461,511,1636097,795,1575187,34,29763,2214233,1015665,31147,2224,1638321,4506,1579693,39,29802,2285545,1019608,28826
462,2224,1638321,4506,1579693,39,29802,2285545,1019608,28826,2418,1640739,3255,1582948,44,29846,2353393,1026301,27945
463,2418,1640739,3255,1582948,44,29846,2353393,1026301,27945,1876,1642615,2755,1585703,37,29883,2426542,1033721,27029
464,1876,1642615,2755,1585703,37,29883,2426542,1033721,27029,1578,1644193,2596,1588299,43,29926,2506921,1042455,25968
465,1578,1644193,2596,1588299,43,29926,2506921,1042455,25968,1642,1645835,2735,1591034,28,29954,2584149,1050623,24847
466,1642,1645835,2735,1591034,28,29954,2584149,1050623,24847,729,1646564,845,1591879,31,29985,2613577,1052231,24700
467,729,1646564,845,1591879,31,29985,2613577,1052231,24700,385,1646949,638,1592517,34,30019,2637379,1053421,24413
468,385,1646949,638,1592517,34,30019,2637379,1053421,24413,1546,1648495,3808,1596325,33,30052,2708146,1058918,22118
469,1546,1648495,3808,1596325,33,30052,2708146,1058918,22118,1697,1650192,2666,1598991,33,30085,2783399,1066337,21116
470,1697,1650192,2666,1598991,33,30085,2783399,1066337,21116,1268,1651460,2384,1601375,33,30118,2866868,1073951,19967
471,1268,1651460,2384,1601375,33,30118,2866868,1073951,19967,1230,1652690,2100,1603475,21,30139,2944279,1081165,19076
472,1230,1652690,2100,1603475,21,30139,2944279,1081165,19076,1053,1653743,2146,1605621,18,30157,3036424,1087830,17965
473,1053,1653743,2146,1605621,18,30157,3036424,1087830,17965,597,1654340,657,1606278,16,30173,3068409,1089464,17889
474,597,1654340,657,1606278,16,30173,3068409,1089464,17889,257,1654597,570,1606848,13,30186,3096946,1090264,17563
475,257,1654597,570,1606848,13,30186,3096946,1090264,17563,1136,1655733,2832,1609680,23,30209,3156492,1096863,15844
476,1136,1655733,2832,1609680,23,30209,3156492,1096863,15844,1202,1656935,2003,1611683,14,30223,3231275,1109714,15029
477,1202,1656935,2003,1611683,14,30223,3231275,1109714,15029,781,1657716,1826,1613509,16,30239,3306940,1123533,13968
478,781,1657716,1826,1613509,16,30239,3306940,1123533,13968,681,1658397,1507,1615016,17,30256,3382351,1148923,13125
479,681,1658397,1507,1615016,17,30256,3382351,1148923,13125,675,1659072,1550,1616566,13,30269,3451091,1175242,12237
480,675,1659072,1550,1616566,13,30269,3451091,1175242,12237,336,1659408,396,1616962,11,30280,3483446,1186229,12166
481,336,1659408,396,1616962,11,30280,3483446,1186229,12166,198,1659606,379,1617341,12,30292,3505788,1195243,11973
482,198,1659606,379,1617341,12,30292,3505788,1195243,11973,701,1660307,2087,1619428,7,30299,3552904,1227607,10580
483,701,1660307,2087,1619428,7,30299,3552904,1227607,10580,664,1660971,1479,1620907,8,30307,3604724,1261608,9757
484,664,1660971,1479,1620907,8,30307,3604724,1261608,9757,540,1661511,1289,1622196,10,30317,3674753,1299637,8998
485,540,1661511,1289,1622196,10,30317,3674753,1299637,8998,508,1662019,1071,1623267,15,30332,3740024,1346932,8420
486,508,1662019,1071,1623267,15,30332,3740024,1346932,8420,457,1662476,1075,1624342,7,30339,3798398,1391548,7795
487,457,1662476,1075,1624342,7,30339,3798398,1391548,7795,222,1662698,361,1624703,6,30345,3827560,1408496,7650
488,222,1662698,361,1624703,6,30345,3827560,1408496,7650,113,1662811,308,1625011,4,30349,3849909,1422908,7451
489,113,1662811,308,1625011,4,30349,3849909,1422908,7451,516,1663327,1424,1626435,10,30359,3905626,1468573,6533
490,516,1663327,1424,1626435,10,30359,3905626,1468573,6533,481,1663808,1007,1627442,6,30365,3971463,1515305,6001
491,481,1663808,1007,1627442,6,30365,3971463,1515305,6001,355,1664163,727,1628169,5,30370,4032405,1567844,5624
492,355,1664163,727,1628169,5,30370,4032405,1567844,5624,428,1664591,645,1628814,3,30373,4090614,1625215,5404
493,428,1664591,645,1628814,3,30373,4090614,1625215,5404,324,1664915,682,1629496,7,30380,4155501,1681996,5039
494,324,1664915,682,1629496,7,30380,4155501,1681996,5039,153,1665068,227,1629723,2,30382,4189626,1700672,4963
495,153,1665068,227,1629723,2,30382,4189626,1700672,4963,99,1665167,173,1629896,4,30386,4216531,1715713,4885
496,99,1665167,173,1629896,4,30386,4216531,1715713,4885,297,1665464,874,1630770,4,30390,4279722,1762927,4304
497,297,1665464,874,1630770,4,30390,4279722,1762927,4304,385,1665849,616,1631386,6,30396,4336998,1813671,4067
498,385,1665849,616,1631386,6,30396,4336998,1813671,4067,251,1666100,533,1631919,2,30398,4402081,1868844,3783
499,251,1666100,533,1631919,2,30398,4402081,1868844,3783,190,1666290,470,1632389,6,30404,4457072,1934997,3497
500,190,1666290,470,1632389,6,30404,4457072,1934997,3497,180,1666470,405,1632794,2,30406,4510166,1989579,3270
501,180,1666470,405,1632794,2,30406,4510166,1989579,3270,76,1666546,156,1632950,4,30410,4539669,2010790,3186
502,76,1666546,156,1632950,4,30410,4539669,2010790,3186,42,1666588,114,1633064,3,30413,4564922,2028491,3111
503,42,1666588,114,1633064,3,30413,4564922,2028491,3111,176,1666764,668,1633732,0,30413,4612169,2104222,2619
504,176,1666764,668,1633732,0,30413,4612169,2104222,2619,209,1666973,440,1634172,4,30417,4658975,2178294,2384
505,209,1666973,440,1634172,4,30417,4658975,2178294,2384,129,1667102,359,1634531,1,30418,4697908,2257795,2153
506,129,1667102,359,1634531,1,30418,4697908,2257795,2153,159,1667261,296,1634827,4,30422,4744620,2335739,2012
507,159,1667261,296,1634827,4,30422,4744620,2335739,2012,145,1667406,294,1635121,3,30425,4789748,2414225,1860
508,145,1667406,294,1635121,3,30425,4789748,2414225,1860,63,1667469,125,1635246,0,30425,4807844,2439165,1798
509,63,1667469,125,1635246,0,30425,4807844,2439165,1798,57,1667526,79,1635325,1,30426,4822735,2467476,1775
510,57,1667526,79,1635325,1,30426,4822735,2467476,1775,119,1667645,427,1635752,1,30427,4857527,2542940,1466
511,119,1667645,427,1635752,1,30427,4857527,2542940,1466,113,1667758,269,1636021,3,30430,4900415,2631703,1307
512,113,1667758,269,1636021,3,30430,4900415,2631703,1307,107,1667865,204,1636225,0,30430,4932063,2715044,1210
513,107,1667865,204,1636225,0,30430,4932063,2715044,1210,98,1667963,179,1636404,4,30434,4961895,2803165,1125
514,98,1667963,179,1636404,4,30434,4961895,2803165,1125,132,1668095,179,1636583,1,30435,4992942,2887510,1077
515,132,1668095,179,1636583,1,30435,4992942,2887510,1077,68,1668163,38,1636621,2,30437,5008796,2922240,1105
516,68,1668163,38,1636621,2,30437,5008796,2922240,1105,58,1668221,51,1636672,0,30437,5022733,2948836,1112
517,58,1668221,51,1636672,0,30437,5022733,2948836,1112,152,1668373,231,1636903,0,30437,5051133,3032701,1033
518,152,1668373,231,1636903,0,30437,5051133,3032701,1033,157,1668530,154,1637057,0,30437,5080394,3117645,1036
519,157,1668530,154,1637057,0,30437,5080394,3117645,1036,138,1668668,106,1637163,2,30439,5107879,3207188,1066
520,138,1668668,106,1637163,2,30439,5107879,3207188,1066,167,1668835,120,1637283,1,30440,5131843,3295394,1112
521,167,1668835,120,1637283,1,30440,5131843,3295394,1112,166,1669001,126,1637409,2,30442,5158550,3379451,1150
522,166,1669001,126,1637409,2,30442,5158550,3379451,1150,126,1669127,49,1637458,0,30442,5165623,3410909,1227
523,126,1669127,49,1637458,0,30442,5165623,3410909,1227,108,1669235,48,1637506,2,30444,5173172,3432671,1285
524,108,1669235,48,1637506,2,30444,5173172,3432671,1285,130,1669365,126,1637632,0,30444,5180533,3457999,1289
525,130,1669365,126,1637632,0,30444,5180533,3457999,1289,110,1669475,91,1637723,0,30444,5185935,3485587,1308
526,110,1669475,91,1637723,0,30444,5185935,3485587,1308,281,1669756,123,1637846,1,30445,5211712,3563512,1465
527,281,1669756,123,1637846,1,30445,5211712,3563512,1465,250,1670006,103,1637949,0,30445,5238304,3632450,1612
528,250,1670006,103,1637949,0,30445,5238304,3632450,1612,285,1670291,107,1638056,0,30445,5266212,3700230,1790
529,285,1670291,107,1638056,0,30445,5266212,3700230,1790,157,1670448,63,1638119,0,30445,5275552,3728795,1884
530,157,1670448,63,1638119,0,30445,5275552,3728795,1884,148,1670596,81,1638200,2,30447,5284071,3751620,1949
531,148,1670596,81,1638200,2,30447,5284071,3751620,1949,244,1670840,172,1638372,0,30447,5311589,3819333,2021
532,244,1670840,172,1638372,0,30447,5311589,3819333,2021,322,1671162,152,1638524,0,30447,5337756,3887292,2191
533,322,1671162,152,1638524,0,30447,5337756,3887292,2191,262,1671424,181,1638705,0,30447,5363555,3957209,2272
534,262,1671424,181,1638705,0,30447,5363555,3957209,2272,227,1671651,150,1638855,0,30447,5392720,4020802,2349
535,227,1671651,150,1638855,0,30447,5392720,4020802,2349,243,1671894,163,1639018,2,30449,5420623,4090967,2427
536,243,1671894,163,1639018,2,30449,5420623,4090967,2427,197,1672091,84,1639102,0,30449,5429385,4121863,2540
537,197,1672091,84,1639102,0,30449,5429385,4121863,2540,116,1672207,90,1639192,1,30450,5437821,4147284,2565
538,116,1672207,90,1639192,1,30450,5437821,4147284,2565,219,1672426,143,1639335,2,30452,5461161,4212776,2639
539,219,1672426,143,1639335,2,30452,5461161,4212776,2639,300,1672726,128,1639463,0,30452,5482537,4277836,2811
540,300,1672726,128,1639463,0,30452,5482537,4277836,2811,233,1672959,305,1639768,1,30453,5505980,4338389,2738
541,233,1672959,305,1639768,1,30453,5505980,4338389,2738,200,1673159,266,1640034,0,30453,5528332,4393902,2672
542,200,1673159,266,1640034,0,30453,5528332,4393902,2672,189,1673348,259,1640293,0,30453,5551517,4445476,2602
543,189,1673348,259,1640293,0,30453,5551517,4445476,2602,126,1673474,132,1640425,0,30453,5558822,4471912,2596
544,126,1673474,132,1640425,0,30453,5558822,4471912,2596,81,1673555,131,1640556,0,30453,5565430,4492855,2546
545,81,1673555,131,1640556,0,30453,5565430,4492855,2546,198,1673753,293,1640849,0,30453,5588958,4538809,2451
546,198,1673753,293,1640849,0,30453,5588958,4538809,2451,256,1674009,309,1641158,0,30453,5611679,4582071,2398
547,256,1674009,309,1641158,0,30453,5611679,4582071,2398,193,1674202,230,1641388,0,30453,5632916,4624225,2361
548,193,1674202,230,1641388,0,30453,5632916,4624225,2361,206,1674408,244,1641632,0,30453,5654222,4662791,2323
549,206,1674408,244,1641632,0,30453,5654222,4662791,2323,138,1674546,231,1641863,0,30453,5677483,4701954,2230
550,138,1674546,231,1641863,0,30453,5677483,4701954,2230,116,1674662,137,1642000,2,30455,5686397,4719894,2207
551,116,1674662,137,1642000,2,30455,5686397,4719894,2207,77,1674739,109,1642109,2,30457,5693110,4734707,2173
552,77,1674739,109,1642109,2,30457,5693110,4734707,2173,152,1674891,295,1642404,1,30458,5711725,4769757,2029
553,152,1674891,295,1642404,1,30458,5711725,4769757,2029,238,1675129,266,1642670,0,30458,5729346,4804579,2001
554,238,1675129,266,1642670,0,30458,5729346,4804579,2001,208,1675337,212,1642882,0,30458,5745425,4838275,1997
555,208,1675337,212,1642882,0,30458,5745425,4838275,1997,164,1675501,196,1643078,1,30459,5761444,4875642,1964
556,164,1675501,196,1643078,1,30459,5761444,4875642,1964,175,1675676,178,1643256,2,30461,5778222,4915777,1959
557,175,1675676,178,1643256,2,30461,5778222,4915777,1959,154,1675830,96,1643352,0,30461,5783807,4932499,2017
558,154,1675830,96,1643352,0,30461,5783807,4932499,2017,107,1675937,103,1643455,0,30461,5788157,4947143,2021
559,107,1675937,103,1643455,0,30461,5788157,4947143,2021,172,1676109,255,1643710,1,30462,5800794,4989924,1937
560,172,1676109,255,1643710,1,30462,5800794,4989924,1937,260,1676369,192,1643902,0,30462,5812621,5027244,2005
561,260,1676369,192,1643902,0,30462,5812621,5027244,2005,219,1676588,202,1644104,1,30463,5823973,5068100,2021
562,219,1676588,202,1644104,1,30463,5823973,5068100,2021,190,1676778,175,1644279,0,30463,5835388,5102688,2036
563,190,1676778,175,1644279,0,30463,5835388,5102688,2036,219,1676997,131,1644410,0,30463,5846100,5140777,2124
564,219,1676997,131,1644410,0,30463,5846100,5140777,2124,142,1677139,89,1644499,0,30463,5849435,5150397,2177
565,142,1677139,89,1644499,0,30463,5849435,5150397,2177,77,1677216,87,1644586,3,30466,5852014,5160128,2164
566,77,1677216,87,1644586,3,30466,5852014,5160128,2164,215,1677431,227,1644813,3,30469,5861793,5192261,2149
567,215,1677431,227,1644813,3,30469,5861793,5192261,2149,300,1677731,201,1645014,1,30470,5871382,5217351,2247
568,300,1677731,201,1645014,1,30470,5871382,5217351,2247,208,1677939,208,1645222,2,30472,5880745,5254060,2245
569,208,1677939,208,1645222,2,30472,5880745,5254060,2245,166,1678105,185,1645407,2,30474,5890406,5289913,2224
570,166,1678105,185,1645407,2,30474,5890406,5289913,2224,171,1678276,170,1645577,1,30475,5901782,5327446,2224
571,171,1678276,170,1645577,1,30475,5901782,5327446,2224,134,1678410,85,1645662,0,30475,5904495,5339273,2273
572,134,1678410,85,1645662,0,30475,5904495,5339273,2273,107,1678517,105,1645767,0,30475,5906834,5350432,2275
573,107,1678517,105,1645767,0,30475,5906834,5350432,2275,212,1678729,286,1646053,1,30476,5917362,5387148,2200
574,212,1678729,286,1646053,1,30476,5917362,5387148,2200,249,1678978,205,1646258,1,30477,5927224,5418116,2243
575,249,1678978,205,1646258,1,30477,5927224,5418116,2243,246,1679224,223,1646481,2,30479,5936084,5444283,2264
576,246,1679224,223,1646481,2,30479,5936084,5444283,2264,213,1679437,188,1646669,0,30479,5944526,5468584,2289
577,213,1679437,188,1646669,0,30479,5944526,5468584,2289,182,1679619,193,1646862,1,30480,5954836,5492295,2277
578,182,1679619,193,1646862,1,30480,5954836,5492295,2277,133,1679752,90,1646952,2,30482,5957556,5498604,2318
579,133,1679752,90,1646952,2,30482,5957556,5498604,2318,81,1679833,118,1647070,1,30483,5959958,5504490,2280
580,81,1679833,118,1647070,1,30483,5959958,5504490,2280,241,1680074,295,1647365,0,30483,5968475,5524648,2226
581,241,1680074,295,1647365,0,30483,5968475,5524648,2226,291,1680365,225,1647590,0,30483,5976136,5540939,2292
582,291,1680365,225,1647590,0,30483,5976136,5540939,2292,262,1680627,201,1647791,0,30483,5982018,5553585,2353
583,262,1680627,201,1647791,0,30483,5982018,5553585,2353,306,1680933,165,1647956,2,30485,5988844,5566095,2492
584,306,1680933,165,1647956,2,30485,5988844,5566095,2492,308,1681241,193,1648149,0,30485,5998393,5579812,2607
585,308,1681241,193,1648149,0,30485,5998393,5579812,2607,207,1681448,112,1648261,0,30485,6000455,5582734,2702
586,207,1681448,112,1648261,0,30485,6000455,5582734,2702,140,1681588,101,1648362,0,30485,6002487,5585045,2741
587,140,1681588,101,1648362,0,30485,6002487,5585045,2741,393,1681981,266,1648628,1,30486,6008713,5596137,2867
588,393,1681981,266,1648628,1,30486,6008713,5596137,2867,583,1682564,233,1648861,2,30488,6013088,5605724,3215
589,583,1682564,233,1648861,2,30488,6013088,5605724,3215,382,1682946,225,1649086,1,30489,6018745,5614297,3371
590,382,1682946,225,1649086,1,30489,6018745,5614297,3371,420,1683366,172,1649258,0,30489,6025419,5622773,3619
591,420,1683366,172,1649258,0,30489,6025419,5622773,3619,444,1683810,205,1649463,0,30489,6033097,5633390,3858
592,444,1683810,205,1649463,0,30489,6033097,5633390,3858,250,1684060,93,1649556,0,30489,6034958,5635243,4015
593,250,1684060,93,1649556,0,30489,6034958,5635243,4015,136,1684196,143,1649699,2,30491,6036072,5636419,4006
594,136,1684196,143,1649699,2,30491,6036072,5636419,4006,493,1684689,283,1649982,0,30491,6041496,5645223,4216
595,493,1684689,283,1649982,0,30491,6041496,5645223,4216,557,1685246,254,1650236,3,30494,6046876,5652795,4516
596,557,1685246,254,1650236,3,30494,6046876,5652795,4516,523,1685769,327,1650563,3,30497,6052062,5659989,4709
597,523,1685769,327,1650563,3,30497,6052062,5659989,4709,562,1686331,263,1650826,0,30497,6057405,5666691,5008
598,562,1686331,263,1650826,0,30497,6057405,5666691,5008,444,1686775,292,1651118,2,30499,6063968,5675125,5158
599,444,1686775,292,1651118,2,30499,6063968,5675125,5158,302,1687077,146,1651264,5,30504,6065691,5676919,5309
600,302,1687077,146,1651264,5,30504,6065691,5676919,5309,187,1687264,166,1651430,2,30506,6066631,5678085,5328
601,187,1687264,166,1651430,2,30506,6066631,5678085,5328,481,1687745,659,1652089,4,30510,6070635,5685186,5146
602,481,1687745,659,1652089,4,30510,6070635,5685186,5146,596,1688341,403,1652492,2,30512,6074860,5691576,5337
603,596,1688341,403,1652492,2,30512,6074860,5691576,5337,523,1688864,377,1652869,2,30514,6079033,5695978,5481
604,523,1688864,377,1652869,2,30514,6079033,5695978,5481,484,1689348,432,1653301,3,30517,6084010,5701001,5530
605,484,1689348,432,1653301,3,30517,6084010,5701001,5530,517,1689865,415,1653716,0,30517,6089761,5709015,5632
606,517,1689865,415,1653716,0,30517,6089761,5709015,5632,414,1690279,153,1653869,2,30519,6091251,5710468,5891
607,414,1690279,153,1653869,2,30519,6091251,5710468,5891,250,1690529,180,1654049,0,30519,6091991,5711797,5961
608,250,1690529,180,1654049,0,30519,6091991,5711797,5961,674,1691203,588,1654637,0,30519,6095864,5717219,6047
609,674,1691203,588,1654637,0,30519,6095864,5717219,6047,474,1691677,555,1655192,3,30522,6096220,5717640,5963
610,474,1691677,555,1655192,3,30522,6096220,5717640,5963,733,1692410,551,1655743,5,30527,6099991,5724028,6140
611,733,1692410,551,1655743,5,30527,6099991,5724028,6140,920,1693330,471,1656214,1,30528,6104485,5730570,6588
612,920,1693330,471,1656214,1,30528,6104485,5730570,6588,828,1694158,457,1656671,1,30529,6108769,5737420,6958
613,828,1694158,457,1656671,1,30529,6108769,5737420,6958,552,1694710,214,1656885,1,30530,6109828,5738617,7295
614,552,1694710,214,1656885,1,30530,6109828,5738617,7295,318,1695028,234,1657119,4,30534,6110543,5739180,7375
615,318,1695028,234,1657119,4,30534,6110543,5739180,7375,807,1695835,646,1657765,4,30538,6113610,5743914,7532
616,807,1695835,646,1657765,4,30538,6113610,5743914,7532,1114,1696949,547,1658312,3,30541,6116762,5748000,8096
617,1114,1696949,547,1658312,3,30541,6116762,5748000,8096,1048,1697997,500,1658812,5,30546,6120270,5752211,8639
618,1048,1697997,500,1658812,5,30546,6120270,5752211,8639,991,1698988,475,1659287,3,30549,6123540,5756505,9152
619,991,1698988,475,1659287,3,30549,6123540,5756505,9152,1018,1700006,532,1659819,4,30553,6128319,5761873,9634
620,1018,1700006,532,1659819,4,30553,6128319,5761873,9634,667,1700673,255,1660074,3,30556,6129557,5763144,10043
621,667,1700673,255,1660074,3,30556,6129557,5763144,10043,336,1701009,285,1660359,4,30560,6130497,5763718,10090
622,336,1701009,285,1660359,4,30560,6130497,5763718,10090,1344,1702353,822,1661181,5,30565,6133418,5767407,10607
623,1344,1702353,822,1661181,5,30565,6133418,5767407,10607,1507,1703860,351,1661532,7,30572,6136331,5770686,11756
624,1507,1703860,351,1661532,7,30572,6136331,5770686,11756,1499,1705359,1059,1662591,6,30578,6139860,5773956,12190
625,1499,1705359,1059,1662591,6,30578,6139860,5773956,12190,1539,1706898,740,1663331,6,30584,6143533,5777761,12983
626,1539,1706898,740,1663331,6,30584,6143533,5777761,12983,1782,1708680,829,1664160,10,30594,6148758,5782525,13926
627,1782,1708680,829,1664160,10,30594,6148758,5782525,13926,1158,1709838,328,1664488,8,30602,6150153,5783560,14748
628,1158,1709838,328,1664488,8,30602,6150153,5783560,14748,795,1710633,412,1664900,11,30613,6151472,5784064,15120
629,795,1710633,412,1664900,11,30613,6151472,5784064,15120,2535,1713168,1167,1666067,12,30625,6155582,5787056,16476
630,2535,1713168,1167,1666067,12,30625,6155582,5787056,16476,3249,1716417,921,1666988,10,30635,6159150,5788131,18794
631,3249,1716417,921,1666988,10,30635,6159150,5788131,18794,3279,1719696,1039,1668027,7,30642,6164009,5791163,21027
632,3279,1719696,1039,1668027,7,30642,6164009,5791163,21027,3644,1723340,987,1669014,10,30652,6171751,5794501,23674
633,3644,1723340,987,1669014,10,30652,6171751,5794501,23674,4239,1727579,970,1669984,14,30666,6182190,5798181,26929
634,4239,1727579,970,1669984,14,30666,6182190,5798181,26929,2756,1730335,476,1670460,13,30679,6185858,5799032,29196
635,2756,1730335,476,1670460,13,30679,6185858,5799032,29196,1838,1732173,535,1670995,20,30699,6188540,5799551,30479
636,1838,1732173,535,1670995,20,30699,6188540,5799551,30479,4286,1736459,1616,1672611,20,30719,6199015,5802206,33129
637,4286,1736459,1616,1672611,20,30719,6199015,5802206,33129,6289,1742748,1374,1673985,16,30735,6210930,5804632,38028
638,6289,1742748,1374,1673985,16,30735,6210930,5804632,38028,5864,1748612,1552,1675537,22,30757,6225507,5807785,42318
639,5864,1748612,1552,1675537,22,30757,6225507,5807785,42318,4356,1752968,1555,1677092,26,30783,6228858,5808247,45093
640,4356,1752968,1555,1677092,26,30783,6228858,5808247,45093,5754,1758722,1803,1678895,26,30809,6243265,5812076,49018
641,5754,1758722,1803,1678895,26,30809,6243265,5812076,49018,5058,1763780,823,1679718,23,30832,6247789,5812979,53230
642,5058,1763780,823,1679718,23,30832,6247789,5812979,53230,2787,1766567,962,1680680,31,30863,6251545,5813790,55024
643,2787,1766567,962,1680680,31,30863,6251545,5813790,55024,7610,1774177,3427,1684107,31,30894,6266654,5816811,59176
644,7610,1774177,3427,1684107,31,30894,6266654,5816811,59176,9930,1784107,3206,1687313,35,30929,6281952,5819550,65865
645,9930,1784107,3206,1687313,35,30929,6281952,5819550,65865,9474,1793581,3520,1690833,45,30974,6299037,5822667,71774
646,9474,1793581,3520,1690833,45,30974,6299037,5822667,71774,8472,1802053,3615,1694448,45,31019,6317247,5825778,76586
647,8472,1802053,3615,1694448,45,31019,6317247,5825778,76586,9248,1811301,4144,1698592,57,31076,6339945,5830259,81633
648,9248,1811301,4144,1698592,57,31076,6339945,5830259,81633,5741,1817042,2062,1700654,50,31126,6346430,5831261,85262
649,5741,1817042,2062,1700654,50,31126,6346430,5831261,85262,3009,1820051,2304,1702958,39,31165,6350442,5832058,85928
650,3009,1820051,2304,1702958,39,31165,6350442,5832058,85928,9285,1829336,6537,1709495,48,31213,6366603,5835187,88628
651,9285,1829336,6537,1709495,48,31213,6366603,5835187,88628,14571,1843907,5473,1714968,62,31275,6381307,5837797,97664
652,14571,1843907,5473,1714968,62,31275,6381307,5837797,97664,13544,1857451,6170,1721138,75,31350,6396955,5841211,104963
653,13544,1857451,6170,1721138,75,31350,6396955,5841211,104963,10436,1867887,3001,1724139,71,31421,6412285,5845966,112327
654,10436,1867887,3001,1724139,71,31421,6412285,5845966,112327,14244,1882131,7261,1731400,68,31489,6431958,5853052,119242
655,14244,1882131,7261,1731400,68,31489,6431958,5853052,119242,9179,1891310,3654,1735054,74,31563,6437342,5855041,124693
656,9179,1891310,3654,1735054,74,31563,6437342,5855041,124693,5678,1896988,3682,1738736,62,31625,6441215,5856434,126627
657,5678,1896988,3682,1738736,62,31625,6441215,5856434,126627,11547,1908535,10141,1748877,92,31717,6456204,5862805,127941
658,11547,1908535,10141,1748877,92,31717,6456204,5862805,127941,22521,1931056,8987,1757864,69,31786,6473627,5870165,141406
659,22521,1931056,8987,1757864,69,31786,6473627,5870165,141406,14158,1945214,8623,1766487,82,31868,6477808,5872445,146859
660,14158,1945214,8623,1766487,82,31868,6477808,5872445,146859,13439,1958653,8349,1774836,120,31988,6497095,5879116,151829
661,13439,1958653,8349,1774836,120,31988,6497095,5879116,151829,22963,1981616,9348,1784184,110,32098,6521508,5889993,165334
662,22963,1981616,9348,1784184,110,32098,6521508,5889993,165334,14410,1996026,3720,1787904,95,32193,6530035,5892611,175929
663,14410,1996026,3720,1787904,95,32193,6530035,5892611,175929,8258,2004284,3762,1791666,111,32304,6536779,5894597,180314
664,8258,2004284,3762,1791666,111,32304,6536779,5894597,180314,14499,2018783,16070,1807736,110,32414,6555079,5904374,178633
665,14499,2018783,16070,1807736,110,32414,6555079,5904374,178633,25891,2044674,13244,1820980,115,32529,6573999,5913824,191165
666,25891,2044674,13244,1820980,115,32529,6573999,5913824,191165,18031,2062705,12689,1833669,93,32622,6592864,5925965,196414
667,18031,2062705,12689,1833669,93,32622,6592864,5925965,196414,27924,2090629,12603,1846272,111,32733,6611913,5937442,211624
668,27924,2090629,12603,1846272,111,32733,6611913,5937442,211624,20362,2110991,13257,1859529,117,32850,6633381,5952347,218612
669,20362,2110991,13257,1859529,117,32850,6633381,5952347,218612,12524,2123515,5747,1865276,95,32945,6640767,5956332,225294
670,12524,2123515,5747,1865276,95,32945,6640767,5956332,225294,9301,2132816,5777,1871053,118,33063,6644075,5958592,228700
671,9301,2132816,5777,1871053,118,33063,6644075,5958592,228700,17604,2150420,22270,1893323,104,33167,6659158,5969857,223930
672,17604,2150420,22270,1893323,104,33167,6659158,5969857,223930,21994,2172414,19114,1912437,120,33287,6672184,5978996,226690
673,21994,2172414,19114,1912437,120,33287,6672184,5978996,226690,21138,2193552,8518,1920955,136,33423,6685982,5989513,239174
674,21138,2193552,8518,1920955,136,33423,6685982,5989513,239174,18596,2212148,20291,1941246,122,33545,6696448,6000079,237357
675,18596,2212148,20291,1941246,122,33545,6696448,6000079,237357,17669,2229817,697,1941943,107,33652,6705663,6013309,254222
676,17669,2229817,697,1941943,107,33652,6705663,6013309,254222,10977,2240794,289,1942232,102,33754,6708115,6016582,264808
677,10977,2240794,289,1942232,102,33754,6708115,6016582,264808,6331,2247125,211,1942443,94,33848,6709436,6018563,270834
