Datum,Dennych.PCR.testov,AgTests,prirustkovy_pocet_nakazenych,kumulativni_pocet_nakazenych,prirustkovy_pocet_umrti,kumulativni_pocet_umrti,first_vaccine_cumulative,second_vaccine_cumulative,third_vaccine_cumulative,all_doses_cumulative,first_dose,second_dose,third_dose,all_doses
2020-03-06,378,0.0,1.0,1.0,0,0,0.0,0.0,0.0,0.0,0.0,0.0,0.0,0.0
2020-03-07,66,0.0,2.0,3.0,0,0,0.0,0.0,0.0,0.0,0.0,0.0,0.0,0.0
2020-03-08,76,0.0,2.0,5.0,0,0,0.0,0.0,0.0,0.0,0.0,0.0,0.0,0.0
2020-03-09,69,0.0,2.0,7.0,0,0,0.0,0.0,0.0,0.0,0.0,0.0,0.0,0.0
2020-03-10,111,0.0,0.0,7.0,0,0,0.0,0.0,0.0,0.0,0.0,0.0,0.0,0.0
2020-03-11,97,0.0,3.0,10.0,0,0,0.0,0.0,0.0,0.0,0.0,0.0,0.0,0.0
2020-03-12,95,0.0,11.0,21.0,0,0,0.0,0.0,0.0,0.0,0.0,0.0,0.0,0.0
2020-03-13,58,0.0,11.0,32.0,0,0,0.0,0.0,0.0,0.0,0.0,0.0,0.0,0.0
2020-03-14,197,0.0,12.0,44.0,0,0,0.0,0.0,0.0,0.0,0.0,0.0,0.0,0.0
2020-03-15,289,0.0,17.0,61.0,0,0,0.0,0.0,0.0,0.0,0.0,0.0,0.0,0.0
2020-03-16,159,0.0,11.0,72.0,0,0,0.0,0.0,0.0,0.0,0.0,0.0,0.0,0.0
2020-03-17,318,0.0,24.0,96.0,0,0,0.0,0.0,0.0,0.0,0.0,0.0,0.0,0.0
2020-03-18,225,0.0,8.0,104.0,0,0,0.0,0.0,0.0,0.0,0.0,0.0,0.0,0.0
2020-03-19,301,0.0,19.0,123.0,0,0,0.0,0.0,0.0,0.0,0.0,0.0,0.0,0.0
2020-03-20,368,0.0,14.0,137.0,0,0,0.0,0.0,0.0,0.0,0.0,0.0,0.0,0.0
2020-03-21,440,0.0,41.0,178.0,0,0,0.0,0.0,0.0,0.0,0.0,0.0,0.0,0.0
2020-03-22,242,0.0,7.0,185.0,0,0,0.0,0.0,0.0,0.0,0.0,0.0,0.0,0.0
2020-03-23,451,0.0,19.0,204.0,0,0,0.0,0.0,0.0,0.0,0.0,0.0,0.0,0.0
2020-03-24,476,0.0,12.0,216.0,0,0,0.0,0.0,0.0,0.0,0.0,0.0,0.0,0.0
2020-03-25,335,0.0,10.0,226.0,0,0,0.0,0.0,0.0,0.0,0.0,0.0,0.0,0.0
2020-03-26,913,0.0,43.0,269.0,0,0,0.0,0.0,0.0,0.0,0.0,0.0,0.0,0.0
2020-03-27,747,0.0,23.0,292.0,0,0,0.0,0.0,0.0,0.0,0.0,0.0,0.0,0.0
2020-03-28,720,0.0,22.0,314.0,0,0,0.0,0.0,0.0,0.0,0.0,0.0,0.0,0.0
2020-03-29,401,0.0,22.0,336.0,0,0,0.0,0.0,0.0,0.0,0.0,0.0,0.0,0.0
2020-03-30,688,0.0,27.0,363.0,1,1,0.0,0.0,0.0,0.0,0.0,0.0,0.0,0.0
2020-03-31,877,0.0,37.0,400.0,1,2,0.0,0.0,0.0,0.0,0.0,0.0,0.0,0.0
2020-04-01,1191,0.0,26.0,426.0,1,3,0.0,0.0,0.0,0.0,0.0,0.0,0.0,0.0
2020-04-02,1454,0.0,24.0,450.0,1,4,0.0,0.0,0.0,0.0,0.0,0.0,0.0,0.0
2020-04-03,1889,0.0,21.0,471.0,1,5,0.0,0.0,0.0,0.0,0.0,0.0,0.0,0.0
2020-04-04,1524,0.0,14.0,485.0,1,6,0.0,0.0,0.0,0.0,0.0,0.0,0.0,0.0
2020-04-05,1036,0.0,49.0,534.0,2,8,0.0,0.0,0.0,0.0,0.0,0.0,0.0,0.0
2020-04-06,1448,0.0,47.0,581.0,2,10,0.0,0.0,0.0,0.0,0.0,0.0,0.0,0.0
2020-04-07,2042,0.0,101.0,682.0,2,12,0.0,0.0,0.0,0.0,0.0,0.0,0.0,0.0
2020-04-08,1690,0.0,19.0,701.0,2,14,0.0,0.0,0.0,0.0,0.0,0.0,0.0,0.0
2020-04-09,2301,0.0,14.0,715.0,2,16,0.0,0.0,0.0,0.0,0.0,0.0,0.0,0.0
2020-04-10,2174,0.0,13.0,728.0,2,18,0.0,0.0,0.0,0.0,0.0,0.0,0.0,0.0
2020-04-11,1580,0.0,14.0,742.0,2,20,0.0,0.0,0.0,0.0,0.0,0.0,0.0,0.0
2020-04-12,1324,0.0,27.0,769.0,2,22,0.0,0.0,0.0,0.0,0.0,0.0,0.0,0.0
2020-04-13,1302,0.0,66.0,835.0,2,24,0.0,0.0,0.0,0.0,0.0,0.0,0.0,0.0
2020-04-14,1439,0.0,28.0,863.0,6,30,0.0,0.0,0.0,0.0,0.0,0.0,0.0,0.0
2020-04-15,2967,0.0,114.0,977.0,8,38,0.0,0.0,0.0,0.0,0.0,0.0,0.0,0.0
2020-04-16,3351,0.0,72.0,1049.0,9,47,0.0,0.0,0.0,0.0,0.0,0.0,0.0,0.0
2020-04-17,3144,0.0,40.0,1089.0,11,58,0.0,0.0,0.0,0.0,0.0,0.0,0.0,0.0
2020-04-18,3323,0.0,72.0,1161.0,12,70,0.0,0.0,0.0,0.0,0.0,0.0,0.0,0.0
2020-04-19,2458,0.0,12.0,1173.0,13,83,0.0,0.0,0.0,0.0,0.0,0.0,0.0,0.0
2020-04-20,2694,0.0,26.0,1199.0,14,97,0.0,0.0,0.0,0.0,0.0,0.0,0.0,0.0
2020-04-21,3468,0.0,45.0,1244.0,14,111,0.0,0.0,0.0,0.0,0.0,0.0,0.0,0.0
2020-04-22,4525,0.0,81.0,1325.0,15,126,0.0,0.0,0.0,0.0,0.0,0.0,0.0,0.0
2020-04-23,3840,0.0,35.0,1360.0,17,143,0.0,0.0,0.0,0.0,0.0,0.0,0.0,0.0
2020-04-24,4828,0.0,13.0,1373.0,17,160,0.0,0.0,0.0,0.0,0.0,0.0,0.0,0.0
2020-04-25,4839,0.0,6.0,1379.0,18,178,0.0,0.0,0.0,0.0,0.0,0.0,0.0,0.0
2020-04-26,3171,0.0,2.0,1381.0,18,196,0.0,0.0,0.0,0.0,0.0,0.0,0.0,0.0
2020-04-27,1767,0.0,3.0,1384.0,20,216,0.0,0.0,0.0,0.0,0.0,0.0,0.0,0.0
2020-04-28,5472,0.0,7.0,1391.0,21,237,0.0,0.0,0.0,0.0,0.0,0.0,0.0,0.0
2020-04-29,4584,0.0,5.0,1396.0,23,260,0.0,0.0,0.0,0.0,0.0,0.0,0.0,0.0
2020-04-30,5150,0.0,7.0,1403.0,23,283,0.0,0.0,0.0,0.0,0.0,0.0,0.0,0.0
2020-05-01,3698,0.0,4.0,1407.0,24,307,0.0,0.0,0.0,0.0,0.0,0.0,0.0,0.0
2020-05-02,1450,0.0,1.0,1408.0,24,331,0.0,0.0,0.0,0.0,0.0,0.0,0.0,0.0
2020-05-03,1584,0.0,5.0,1413.0,25,356,0.0,0.0,0.0,0.0,0.0,0.0,0.0,0.0
2020-05-04,2060,0.0,8.0,1421.0,25,381,0.0,0.0,0.0,0.0,0.0,0.0,0.0,0.0
2020-05-05,4742,0.0,8.0,1429.0,25,406,0.0,0.0,0.0,0.0,0.0,0.0,0.0,0.0
2020-05-06,5161,0.0,16.0,1445.0,26,432,0.0,0.0,0.0,0.0,0.0,0.0,0.0,0.0
2020-05-07,4694,0.0,10.0,1455.0,26,458,0.0,0.0,0.0,0.0,0.0,0.0,0.0,0.0
2020-05-08,3910,0.0,0.0,1455.0,26,484,0.0,0.0,0.0,0.0,0.0,0.0,0.0,0.0
2020-05-09,1488,0.0,2.0,1457.0,26,510,0.0,0.0,0.0,0.0,0.0,0.0,0.0,0.0
2020-05-10,786,0.0,0.0,1457.0,26,536,0.0,0.0,0.0,0.0,0.0,0.0,0.0,0.0
2020-05-11,2063,0.0,8.0,1465.0,27,563,0.0,0.0,0.0,0.0,0.0,0.0,0.0,0.0
2020-05-12,4326,0.0,4.0,1469.0,27,590,0.0,0.0,0.0,0.0,0.0,0.0,0.0,0.0
2020-05-13,4876,0.0,8.0,1477.0,27,617,0.0,0.0,0.0,0.0,0.0,0.0,0.0,0.0
2020-05-14,3992,0.0,3.0,1480.0,27,644,0.0,0.0,0.0,0.0,0.0,0.0,0.0,0.0
2020-05-15,4084,0.0,13.0,1493.0,28,672,0.0,0.0,0.0,0.0,0.0,0.0,0.0,0.0
2020-05-16,2476,0.0,1.0,1494.0,28,700,0.0,0.0,0.0,0.0,0.0,0.0,0.0,0.0
2020-05-17,971,0.0,1.0,1495.0,28,728,0.0,0.0,0.0,0.0,0.0,0.0,0.0,0.0
2020-05-18,2041,0.0,0.0,1495.0,28,756,0.0,0.0,0.0,0.0,0.0,0.0,0.0,0.0
2020-05-19,3371,0.0,1.0,1496.0,28,784,0.0,0.0,0.0,0.0,0.0,0.0,0.0,0.0
2020-05-20,2933,0.0,6.0,1502.0,28,812,0.0,0.0,0.0,0.0,0.0,0.0,0.0,0.0
2020-05-21,2751,0.0,1.0,1503.0,28,840,0.0,0.0,0.0,0.0,0.0,0.0,0.0,0.0
2020-05-22,2236,0.0,1.0,1504.0,28,868,0.0,0.0,0.0,0.0,0.0,0.0,0.0,0.0
2020-05-23,1649,0.0,5.0,1509.0,28,896,0.0,0.0,0.0,0.0,0.0,0.0,0.0,0.0
2020-05-24,645,0.0,2.0,1511.0,28,924,0.0,0.0,0.0,0.0,0.0,0.0,0.0,0.0
2020-05-25,1464,0.0,2.0,1513.0,28,952,0.0,0.0,0.0,0.0,0.0,0.0,0.0,0.0
2020-05-26,2839,0.0,2.0,1515.0,28,980,0.0,0.0,0.0,0.0,0.0,0.0,0.0,0.0
2020-05-27,2352,0.0,5.0,1520.0,28,1008,0.0,0.0,0.0,0.0,0.0,0.0,0.0,0.0
2020-05-28,1848,0.0,0.0,1520.0,28,1036,0.0,0.0,0.0,0.0,0.0,0.0,0.0,0.0
2020-05-29,3433,0.0,1.0,1521.0,28,1064,0.0,0.0,0.0,0.0,0.0,0.0,0.0,0.0
2020-05-30,1606,0.0,0.0,1521.0,28,1092,0.0,0.0,0.0,0.0,0.0,0.0,0.0,0.0
2020-05-31,274,0.0,1.0,1522.0,28,1120,0.0,0.0,0.0,0.0,0.0,0.0,0.0,0.0
2020-06-01,6418,0.0,0.0,1522.0,28,1148,0.0,0.0,0.0,0.0,0.0,0.0,0.0,0.0
2020-06-02,2336,0.0,3.0,1525.0,28,1176,0.0,0.0,0.0,0.0,0.0,0.0,0.0,0.0
2020-06-03,2135,0.0,1.0,1526.0,28,1204,0.0,0.0,0.0,0.0,0.0,0.0,0.0,0.0
2020-06-04,1832,0.0,0.0,1526.0,28,1232,0.0,0.0,0.0,0.0,0.0,0.0,0.0,0.0
2020-06-05,2639,0.0,2.0,1528.0,28,1260,0.0,0.0,0.0,0.0,0.0,0.0,0.0,0.0
2020-06-06,1180,0.0,0.0,1528.0,28,1288,0.0,0.0,0.0,0.0,0.0,0.0,0.0,0.0
2020-06-07,160,0.0,2.0,1530.0,28,1316,0.0,0.0,0.0,0.0,0.0,0.0,0.0,0.0
2020-06-08,851,0.0,1.0,1531.0,28,1344,0.0,0.0,0.0,0.0,0.0,0.0,0.0,0.0
2020-06-09,1545,0.0,2.0,1533.0,28,1372,0.0,0.0,0.0,0.0,0.0,0.0,0.0,0.0
2020-06-10,1500,0.0,8.0,1541.0,28,1400,0.0,0.0,0.0,0.0,0.0,0.0,0.0,0.0
2020-06-11,1262,0.0,1.0,1542.0,28,1428,0.0,0.0,0.0,0.0,0.0,0.0,0.0,0.0
2020-06-12,1511,0.0,3.0,1545.0,28,1456,0.0,0.0,0.0,0.0,0.0,0.0,0.0,0.0
2020-06-13,479,0.0,3.0,1548.0,28,1484,0.0,0.0,0.0,0.0,0.0,0.0,0.0,0.0
2020-06-14,47,0.0,4.0,1552.0,28,1512,0.0,0.0,0.0,0.0,0.0,0.0,0.0,0.0
2020-06-15,847,0.0,0.0,1552.0,28,1540,0.0,0.0,0.0,0.0,0.0,0.0,0.0,0.0
2020-06-16,1163,0.0,9.0,1561.0,28,1568,0.0,0.0,0.0,0.0,0.0,0.0,0.0,0.0
2020-06-17,787,0.0,1.0,1562.0,28,1596,0.0,0.0,0.0,0.0,0.0,0.0,0.0,0.0
2020-06-18,806,0.0,14.0,1576.0,28,1624,0.0,0.0,0.0,0.0,0.0,0.0,0.0,0.0
2020-06-19,1278,0.0,10.0,1586.0,28,1652,0.0,0.0,0.0,0.0,0.0,0.0,0.0,0.0
2020-06-20,301,0.0,1.0,1587.0,28,1680,0.0,0.0,0.0,0.0,0.0,0.0,0.0,0.0
2020-06-21,41,0.0,1.0,1588.0,28,1708,0.0,0.0,0.0,0.0,0.0,0.0,0.0,0.0
2020-06-22,661,0.0,1.0,1589.0,28,1736,0.0,0.0,0.0,0.0,0.0,0.0,0.0,0.0
2020-06-23,1257,0.0,18.0,1607.0,28,1764,0.0,0.0,0.0,0.0,0.0,0.0,0.0,0.0
2020-06-24,936,0.0,23.0,1630.0,28,1792,0.0,0.0,0.0,0.0,0.0,0.0,0.0,0.0
2020-06-25,1515,0.0,13.0,1643.0,28,1820,0.0,0.0,0.0,0.0,0.0,0.0,0.0,0.0
2020-06-26,1611,0.0,14.0,1657.0,28,1848,0.0,0.0,0.0,0.0,0.0,0.0,0.0,0.0
2020-06-27,931,0.0,7.0,1664.0,28,1876,0.0,0.0,0.0,0.0,0.0,0.0,0.0,0.0
2020-06-28,62,0.0,1.0,1665.0,28,1904,0.0,0.0,0.0,0.0,0.0,0.0,0.0,0.0
2020-06-29,784,0.0,2.0,1667.0,28,1932,0.0,0.0,0.0,0.0,0.0,0.0,0.0,0.0
2020-06-30,2063,12.0,20.0,1687.0,28,1960,0.0,0.0,0.0,0.0,0.0,0.0,0.0,0.0
2020-07-01,1708,0.0,13.0,1700.0,28,1988,0.0,0.0,0.0,0.0,0.0,0.0,0.0,0.0
2020-07-02,1801,0.0,20.0,1720.0,28,2016,0.0,0.0,0.0,0.0,0.0,0.0,0.0,0.0
2020-07-03,2216,0.0,29.0,1749.0,28,2044,0.0,0.0,0.0,0.0,0.0,0.0,0.0,0.0
2020-07-04,808,0.0,15.0,1764.0,28,2072,0.0,0.0,0.0,0.0,0.0,0.0,0.0,0.0
2020-07-05,50,0.0,1.0,1765.0,28,2100,0.0,0.0,0.0,0.0,0.0,0.0,0.0,0.0
2020-07-06,873,0.0,2.0,1767.0,28,2128,0.0,0.0,0.0,0.0,0.0,0.0,0.0,0.0
2020-07-07,2225,0.0,31.0,1798.0,28,2156,0.0,0.0,0.0,0.0,0.0,0.0,0.0,0.0
2020-07-08,2284,0.0,53.0,1851.0,28,2184,0.0,0.0,0.0,0.0,0.0,0.0,0.0,0.0
2020-07-09,2172,0.0,19.0,1870.0,28,2212,0.0,0.0,0.0,0.0,0.0,0.0,0.0,0.0
2020-07-10,2879,0.0,23.0,1893.0,28,2240,0.0,0.0,0.0,0.0,0.0,0.0,0.0,0.0
2020-07-11,960,0.0,8.0,1901.0,28,2268,0.0,0.0,0.0,0.0,0.0,0.0,0.0,0.0
2020-07-12,279,0.0,1.0,1902.0,28,2296,0.0,0.0,0.0,0.0,0.0,0.0,0.0,0.0
2020-07-13,1163,0.0,6.0,1908.0,28,2324,0.0,0.0,0.0,0.0,0.0,0.0,0.0,0.0
2020-07-14,2205,0.0,19.0,1927.0,28,2352,0.0,0.0,0.0,0.0,0.0,0.0,0.0,0.0
2020-07-15,2336,0.0,24.0,1951.0,28,2380,0.0,0.0,0.0,0.0,0.0,0.0,0.0,0.0
2020-07-16,1862,0.0,14.0,1965.0,28,2408,0.0,0.0,0.0,0.0,0.0,0.0,0.0,0.0
2020-07-17,2161,0.0,11.0,1976.0,28,2436,0.0,0.0,0.0,0.0,0.0,0.0,0.0,0.0
2020-07-18,410,0.0,3.0,1979.0,28,2464,0.0,0.0,0.0,0.0,0.0,0.0,0.0,0.0
2020-07-19,24,0.0,1.0,1980.0,28,2492,0.0,0.0,0.0,0.0,0.0,0.0,0.0,0.0
2020-07-20,3333,0.0,41.0,2021.0,28,2520,0.0,0.0,0.0,0.0,0.0,0.0,0.0,0.0
2020-07-21,2571,0.0,37.0,2058.0,28,2548,0.0,0.0,0.0,0.0,0.0,0.0,0.0,0.0
2020-07-22,2251,0.0,31.0,2089.0,28,2576,0.0,0.0,0.0,0.0,0.0,0.0,0.0,0.0
2020-07-23,2049,0.0,29.0,2118.0,28,2604,0.0,0.0,0.0,0.0,0.0,0.0,0.0,0.0
2020-07-24,2275,0.0,23.0,2141.0,28,2632,0.0,0.0,0.0,0.0,0.0,0.0,0.0,0.0
2020-07-25,767,0.0,38.0,2179.0,28,2660,0.0,0.0,0.0,0.0,0.0,0.0,0.0,0.0
2020-07-26,216,0.0,2.0,2181.0,28,2688,0.0,0.0,0.0,0.0,0.0,0.0,0.0,0.0
2020-07-27,1548,0.0,23.0,2204.0,28,2716,0.0,0.0,0.0,0.0,0.0,0.0,0.0,0.0
2020-07-28,2296,0.0,41.0,2245.0,28,2744,0.0,0.0,0.0,0.0,0.0,0.0,0.0,0.0
2020-07-29,1851,0.0,20.0,2265.0,28,2772,0.0,0.0,0.0,0.0,0.0,0.0,0.0,0.0
2020-07-30,2176,0.0,27.0,2292.0,29,2801,0.0,0.0,0.0,0.0,0.0,0.0,0.0,0.0
2020-07-31,2884,0.0,45.0,2337.0,29,2830,0.0,0.0,0.0,0.0,0.0,0.0,0.0,0.0
2020-08-01,585,0.0,7.0,2344.0,29,2859,0.0,0.0,0.0,0.0,0.0,0.0,0.0,0.0
2020-08-02,766,0.0,10.0,2354.0,29,2888,0.0,0.0,0.0,0.0,0.0,0.0,0.0,0.0
2020-08-03,1320,0.0,14.0,2368.0,29,2917,0.0,0.0,0.0,0.0,0.0,0.0,0.0,0.0
2020-08-04,2538,0.0,49.0,2417.0,29,2946,0.0,0.0,0.0,0.0,0.0,0.0,0.0,0.0
2020-08-05,2667,0.0,63.0,2480.0,29,2975,0.0,0.0,0.0,0.0,0.0,0.0,0.0,0.0
2020-08-06,2473,0.0,43.0,2523.0,31,3006,0.0,0.0,0.0,0.0,0.0,0.0,0.0,0.0
2020-08-07,3099,0.0,43.0,2566.0,31,3037,0.0,0.0,0.0,0.0,0.0,0.0,0.0,0.0
2020-08-08,1068,0.0,30.0,2596.0,31,3068,0.0,0.0,0.0,0.0,0.0,0.0,0.0,0.0
2020-08-09,564,0.0,3.0,2599.0,31,3099,0.0,0.0,0.0,0.0,0.0,0.0,0.0,0.0
2020-08-10,1454,0.0,16.0,2615.0,31,3130,0.0,0.0,0.0,0.0,0.0,0.0,0.0,0.0
2020-08-11,3131,0.0,75.0,2690.0,31,3161,0.0,0.0,0.0,0.0,0.0,0.0,0.0,0.0
2020-08-12,2741,0.0,49.0,2739.0,31,3192,0.0,0.0,0.0,0.0,0.0,0.0,0.0,0.0
2020-08-13,2738,0.0,62.0,2801.0,31,3223,0.0,0.0,0.0,0.0,0.0,0.0,0.0,0.0
2020-08-14,3235,0.0,54.0,2855.0,31,3254,0.0,0.0,0.0,0.0,0.0,0.0,0.0,0.0
2020-08-15,2013,0.0,47.0,2902.0,31,3285,0.0,0.0,0.0,0.0,0.0,0.0,0.0,0.0
2020-08-16,481,0.0,5.0,2907.0,31,3316,0.0,0.0,0.0,0.0,0.0,0.0,0.0,0.0
2020-08-17,1583,0.0,15.0,2922.0,31,3347,0.0,0.0,0.0,0.0,0.0,0.0,0.0,0.0
2020-08-18,3684,0.0,100.0,3022.0,33,3380,0.0,0.0,0.0,0.0,0.0,0.0,0.0,0.0
2020-08-19,3435,0.0,80.0,3102.0,33,3413,0.0,0.0,0.0,0.0,0.0,0.0,0.0,0.0
2020-08-20,3245,0.0,123.0,3225.0,33,3446,0.0,0.0,0.0,0.0,0.0,0.0,0.0,0.0
2020-08-21,3833,0.0,91.0,3316.0,33,3479,0.0,0.0,0.0,0.0,0.0,0.0,0.0,0.0
2020-08-22,1723,0.0,40.0,3356.0,33,3512,0.0,0.0,0.0,0.0,0.0,0.0,0.0,0.0
2020-08-23,929,0.0,68.0,3424.0,33,3545,0.0,0.0,0.0,0.0,0.0,0.0,0.0,0.0
2020-08-24,2103,0.0,28.0,3452.0,33,3578,0.0,0.0,0.0,0.0,0.0,0.0,0.0,0.0
2020-08-25,4090,0.0,84.0,3536.0,33,3611,0.0,0.0,0.0,0.0,0.0,0.0,0.0,0.0
2020-08-26,3636,0.0,90.0,3626.0,33,3644,0.0,0.0,0.0,0.0,0.0,0.0,0.0,0.0
2020-08-27,4360,0.0,102.0,3728.0,33,3677,0.0,0.0,0.0,0.0,0.0,0.0,0.0,0.0
2020-08-28,4453,0.0,114.0,3842.0,33,3710,0.0,0.0,0.0,0.0,0.0,0.0,0.0,0.0
2020-08-29,1951,46.0,34.0,3876.0,33,3743,0.0,0.0,0.0,0.0,0.0,0.0,0.0,0.0
2020-08-30,588,0.0,41.0,3917.0,33,3776,0.0,0.0,0.0,0.0,0.0,0.0,0.0,0.0
2020-08-31,2763,0.0,72.0,3989.0,33,3809,0.0,0.0,0.0,0.0,0.0,0.0,0.0,0.0
2020-09-01,2428,0.0,53.0,4042.0,33,3842,0.0,0.0,0.0,0.0,0.0,0.0,0.0,0.0
2020-09-02,3519,0.0,121.0,4163.0,37,3879,0.0,0.0,0.0,0.0,0.0,0.0,0.0,0.0
2020-09-03,4772,0.0,137.0,4300.0,37,3916,0.0,0.0,0.0,0.0,0.0,0.0,0.0,0.0
2020-09-04,5947,0.0,226.0,4526.0,37,3953,0.0,0.0,0.0,0.0,0.0,0.0,0.0,0.0
2020-09-05,2462,0.0,88.0,4614.0,37,3990,0.0,0.0,0.0,0.0,0.0,0.0,0.0,0.0
2020-09-06,922,0.0,22.0,4636.0,37,4027,0.0,0.0,0.0,0.0,0.0,0.0,0.0,0.0
2020-09-07,2891,0.0,91.0,4727.0,37,4064,0.0,0.0,0.0,0.0,0.0,0.0,0.0,0.0
2020-09-08,5309,0.0,161.0,4888.0,37,4101,0.0,0.0,0.0,0.0,0.0,0.0,0.0,0.0
2020-09-09,5021,0.0,178.0,5066.0,37,4138,0.0,0.0,0.0,0.0,0.0,0.0,0.0,0.0
2020-09-10,4266,12.0,186.0,5252.0,37,4175,0.0,0.0,0.0,0.0,0.0,0.0,0.0,0.0
2020-09-11,6191,0.0,201.0,5453.0,38,4213,0.0,0.0,0.0,0.0,0.0,0.0,0.0,0.0
2020-09-12,3080,0.0,79.0,5532.0,38,4251,0.0,0.0,0.0,0.0,0.0,0.0,0.0,0.0
2020-09-13,1425,0.0,48.0,5580.0,38,4289,0.0,0.0,0.0,0.0,0.0,0.0,0.0,0.0
2020-09-14,4323,0.0,188.0,5768.0,38,4327,0.0,0.0,0.0,0.0,0.0,0.0,0.0,0.0
2020-09-15,3235,0.0,92.0,5860.0,38,4365,0.0,0.0,0.0,0.0,0.0,0.0,0.0,0.0
2020-09-16,4027,0.0,161.0,6021.0,39,4404,0.0,0.0,0.0,0.0,0.0,0.0,0.0,0.0
2020-09-17,5542,0.0,235.0,6256.0,39,4443,0.0,0.0,0.0,0.0,0.0,0.0,0.0,0.0
2020-09-18,5750,0.0,290.0,6546.0,39,4482,0.0,0.0,0.0,0.0,0.0,0.0,0.0,0.0
2020-09-19,3443,0.0,131.0,6677.0,39,4521,0.0,0.0,0.0,0.0,0.0,0.0,0.0,0.0
2020-09-20,1952,0.0,79.0,6756.0,39,4560,0.0,0.0,0.0,0.0,0.0,0.0,0.0,0.0
2020-09-21,2664,0.0,175.0,6931.0,40,4600,0.0,0.0,0.0,0.0,0.0,0.0,0.0,0.0
2020-09-22,6231,0.0,338.0,7269.0,41,4641,0.0,0.0,0.0,0.0,0.0,0.0,0.0,0.0
2020-09-23,5213,0.0,360.0,7629.0,41,4682,0.0,0.0,0.0,0.0,0.0,0.0,0.0,0.0
2020-09-24,5540,0.0,419.0,8048.0,41,4723,0.0,0.0,0.0,0.0,0.0,0.0,0.0,0.0
2020-09-25,6483,0.0,552.0,8600.0,44,4767,0.0,0.0,0.0,0.0,0.0,0.0,0.0,0.0
2020-09-26,5655,0.0,478.0,9078.0,44,4811,0.0,0.0,0.0,0.0,0.0,0.0,0.0,0.0
2020-09-27,1954,0.0,265.0,9343.0,44,4855,0.0,0.0,0.0,0.0,0.0,0.0,0.0,0.0
2020-09-28,2561,0.0,231.0,9574.0,45,4900,0.0,0.0,0.0,0.0,0.0,0.0,0.0,0.0
2020-09-29,7350,0.0,567.0,10141.0,48,4948,0.0,0.0,0.0,0.0,0.0,0.0,0.0,0.0
2020-09-30,9170,0.0,797.0,10938.0,48,4996,0.0,0.0,0.0,0.0,0.0,0.0,0.0,0.0
2020-10-01,7824,16.0,679.0,11617.0,54,5050,0.0,0.0,0.0,0.0,0.0,0.0,0.0,0.0
2020-10-02,9492,0.0,704.0,12321.0,54,5104,0.0,0.0,0.0,0.0,0.0,0.0,0.0,0.0
2020-10-03,8565,0.0,818.0,13139.0,55,5159,0.0,0.0,0.0,0.0,0.0,0.0,0.0,0.0
2020-10-04,3382,0.0,353.0,13492.0,55,5214,0.0,0.0,0.0,0.0,0.0,0.0,0.0,0.0
2020-10-05,3750,0.0,320.0,13812.0,55,5269,0.0,0.0,0.0,0.0,0.0,0.0,0.0,0.0
2020-10-06,8679,0.0,877.0,14689.0,55,5324,0.0,0.0,0.0,0.0,0.0,0.0,0.0,0.0
2020-10-07,9518,0.0,1037.0,15726.0,57,5381,0.0,0.0,0.0,0.0,0.0,0.0,0.0,0.0
2020-10-08,10136,0.0,1184.0,16910.0,57,5438,0.0,0.0,0.0,0.0,0.0,0.0,0.0,0.0
2020-10-09,11123,0.0,1887.0,18797.0,61,5499,0.0,0.0,0.0,0.0,0.0,0.0,0.0,0.0
2020-10-10,8959,0.0,1054.0,19851.0,61,5560,0.0,0.0,0.0,0.0,0.0,0.0,0.0,0.0
2020-10-11,3998,0.0,504.0,20355.0,61,5621,0.0,0.0,0.0,0.0,0.0,0.0,0.0,0.0
2020-10-12,5058,525.0,571.0,20926.0,61,5682,0.0,0.0,0.0,0.0,0.0,0.0,0.0,0.0
2020-10-13,10228,1152.0,1494.0,22420.0,66,5748,0.0,0.0,0.0,0.0,0.0,0.0,0.0,0.0
2020-10-14,12502,929.0,1960.0,24380.0,71,5819,0.0,0.0,0.0,0.0,0.0,0.0,0.0,0.0
2020-10-15,14010,372.0,2111.0,26491.0,71,5890,0.0,0.0,0.0,0.0,0.0,0.0,0.0,0.0
2020-10-16,11904,320.0,1995.0,28486.0,82,5972,0.0,0.0,0.0,0.0,0.0,0.0,0.0,0.0
2020-10-17,10858,0.0,1567.0,30053.0,88,6060,0.0,0.0,0.0,0.0,0.0,0.0,0.0,0.0
2020-10-18,5025,92.0,860.0,30913.0,92,6152,0.0,0.0,0.0,0.0,0.0,0.0,0.0,0.0
2020-10-19,5946,792.0,774.0,31687.0,98,6250,0.0,0.0,0.0,0.0,0.0,0.0,0.0,0.0
2020-10-20,13832,614.0,2240.0,33927.0,98,6348,0.0,0.0,0.0,0.0,0.0,0.0,0.0,0.0
2020-10-21,9365,954.0,1776.0,35703.0,115,6463,0.0,0.0,0.0,0.0,0.0,0.0,0.0,0.0
2020-10-22,13369,2138.0,2722.0,38425.0,134,6597,0.0,0.0,0.0,0.0,0.0,0.0,0.0,0.0
2020-10-23,13525,2161.0,3009.0,41434.0,159,6756,0.0,0.0,0.0,0.0,0.0,0.0,0.0,0.0
2020-10-24,16048,1194.0,3107.0,44541.0,159,6915,0.0,0.0,0.0,0.0,0.0,0.0,0.0,0.0
2020-10-25,6175,729.0,1352.0,45893.0,165,7080,0.0,0.0,0.0,0.0,0.0,0.0,0.0,0.0
2020-10-26,5899,2161.0,1132.0,47025.0,176,7256,0.0,0.0,0.0,0.0,0.0,0.0,0.0,0.0
2020-10-27,14642,3036.0,3121.0,50146.0,184,7440,0.0,0.0,0.0,0.0,0.0,0.0,0.0,0.0
2020-10-28,14355,2415.0,3010.0,53156.0,200,7640,0.0,0.0,0.0,0.0,0.0,0.0,0.0,0.0
2020-10-29,16556,6185.0,3602.0,56758.0,212,7852,0.0,0.0,0.0,0.0,0.0,0.0,0.0,0.0
2020-10-30,18074,41366.0,3065.0,59823.0,219,8071,0.0,0.0,0.0,0.0,0.0,0.0,0.0,0.0
2020-10-31,21949,89674.0,3257.0,63080.0,219,8290,0.0,0.0,0.0,0.0,0.0,0.0,0.0,0.0
2020-11-01,21477,30176.0,2259.0,65339.0,219,8509,0.0,0.0,0.0,0.0,0.0,0.0,0.0,0.0
2020-11-02,18994,26701.0,3058.0,68397.0,235,8744,0.0,0.0,0.0,0.0,0.0,0.0,0.0,0.0
2020-11-03,13377,5283.0,3314.0,71711.0,261,9005,0.0,0.0,0.0,0.0,0.0,0.0,0.0,0.0
2020-11-04,12864,3606.0,2044.0,73755.0,286,9291,0.0,0.0,0.0,0.0,0.0,0.0,0.0,0.0
2020-11-05,11615,2115.0,2494.0,76249.0,317,9608,0.0,0.0,0.0,0.0,0.0,0.0,0.0,0.0
2020-11-06,15767,34523.0,2906.0,79155.0,351,9959,0.0,0.0,0.0,0.0,0.0,0.0,0.0,0.0
2020-11-07,15466,45188.0,2267.0,81422.0,351,10310,0.0,0.0,0.0,0.0,0.0,0.0,0.0,0.0
2020-11-08,4956,12172.0,720.0,82142.0,366,10676,0.0,0.0,0.0,0.0,0.0,0.0,0.0,0.0
2020-11-09,6813,17656.0,2205.0,84347.0,390,11066,0.0,0.0,0.0,0.0,0.0,0.0,0.0,0.0
2020-11-10,12891,6492.0,2198.0,86545.0,414,11480,0.0,0.0,0.0,0.0,0.0,0.0,0.0,0.0
2020-11-11,12584,4620.0,2692.0,89237.0,464,11944,0.0,0.0,0.0,0.0,0.0,0.0,0.0,0.0
2020-11-12,10736,5636.0,2197.0,91434.0,491,12435,0.0,0.0,0.0,0.0,0.0,0.0,0.0,0.0
2020-11-13,10742,6145.0,1929.0,93363.0,510,12945,0.0,0.0,0.0,0.0,0.0,0.0,0.0,0.0
2020-11-14,6545,5452.0,1299.0,94662.0,510,13455,0.0,0.0,0.0,0.0,0.0,0.0,0.0,0.0
2020-11-15,1771,1245.0,542.0,95204.0,526,13981,0.0,0.0,0.0,0.0,0.0,0.0,0.0,0.0
2020-11-16,7837,5642.0,1612.0,96816.0,557,14538,0.0,0.0,0.0,0.0,0.0,0.0,0.0,0.0
2020-11-17,5833,3919.0,1535.0,98351.0,579,15117,0.0,0.0,0.0,0.0,0.0,0.0,0.0,0.0
2020-11-18,7913,6546.0,2107.0,100458.0,579,15696,0.0,0.0,0.0,0.0,0.0,0.0,0.0,0.0
2020-11-19,9836,12193.0,2588.0,103046.0,614,16310,0.0,0.0,0.0,0.0,0.0,0.0,0.0,0.0
2020-11-20,10554,18110.0,2472.0,105518.0,644,16954,0.0,0.0,0.0,0.0,0.0,0.0,0.0,0.0
2020-11-21,5691,9285.0,1306.0,106824.0,671,17625,0.0,0.0,0.0,0.0,0.0,0.0,0.0,0.0
2020-11-22,1773,1701.0,288.0,107112.0,693,18318,0.0,0.0,0.0,0.0,0.0,0.0,0.0,0.0
2020-11-23,6545,43113.0,1905.0,109017.0,709,19027,0.0,0.0,0.0,0.0,0.0,0.0,0.0,0.0
2020-11-24,10145,18446.0,2705.0,111722.0,732,19759,0.0,0.0,0.0,0.0,0.0,0.0,0.0,0.0
2020-11-25,10723,14726.0,2686.0,114408.0,749,20508,0.0,0.0,0.0,0.0,0.0,0.0,0.0,0.0
2020-11-26,10928,15446.0,2716.0,117124.0,771,21279,0.0,0.0,0.0,0.0,0.0,0.0,0.0,0.0
2020-11-27,9892,17829.0,2314.0,119438.0,798,22077,0.0,0.0,0.0,0.0,0.0,0.0,0.0,0.0
2020-11-28,7536,9705.0,1533.0,120971.0,816,22893,0.0,0.0,0.0,0.0,0.0,0.0,0.0,0.0
2020-11-29,1063,2780.0,376.0,121347.0,839,23732,0.0,0.0,0.0,0.0,0.0,0.0,0.0,0.0
2020-11-30,7991,45543.0,2971.0,124318.0,868,24600,0.0,0.0,0.0,0.0,0.0,0.0,0.0,0.0
2020-12-01,11136,30271.0,3640.0,127958.0,898,25498,0.0,0.0,0.0,0.0,0.0,0.0,0.0,0.0
2020-12-02,10264,31179.0,3645.0,131603.0,930,26428,0.0,0.0,0.0,0.0,0.0,0.0,0.0,0.0
2020-12-03,11221,28876.0,3458.0,135061.0,957,27385,0.0,0.0,0.0,0.0,0.0,0.0,0.0,0.0
2020-12-04,12670,30658.0,3330.0,138391.0,981,28366,0.0,0.0,0.0,0.0,0.0,0.0,0.0,0.0
2020-12-05,7195,10764.0,1636.0,140027.0,996,29362,0.0,0.0,0.0,0.0,0.0,0.0,0.0,0.0
2020-12-06,3415,3409.0,681.0,140708.0,1018,30380,0.0,0.0,0.0,0.0,0.0,0.0,0.0,0.0
2020-12-07,10245,31880.0,4113.0,144821.0,1046,31426,0.0,0.0,0.0,0.0,0.0,0.0,0.0,0.0
2020-12-08,13277,42544.0,5524.0,150345.0,1084,32510,0.0,0.0,0.0,0.0,0.0,0.0,0.0,0.0
2020-12-09,15130,34818.0,5431.0,155776.0,1104,33614,0.0,0.0,0.0,0.0,0.0,0.0,0.0,0.0
2020-12-10,10938,45813.0,5274.0,161050.0,1122,34736,0.0,0.0,0.0,0.0,0.0,0.0,0.0,0.0
2020-12-11,17956,44064.0,6267.0,167317.0,1148,35884,0.0,0.0,0.0,0.0,0.0,0.0,0.0,0.0
2020-12-12,9991,16907.0,3190.0,170507.0,1175,37059,0.0,0.0,0.0,0.0,0.0,0.0,0.0,0.0
2020-12-13,2899,1209.0,604.0,171111.0,1205,38264,0.0,0.0,0.0,0.0,0.0,0.0,0.0,0.0
2020-12-14,10901,40532.0,5206.0,176317.0,1251,39515,0.0,0.0,0.0,0.0,0.0,0.0,0.0,0.0
2020-12-15,16717,52920.0,7703.0,184020.0,1309,40824,0.0,0.0,0.0,0.0,0.0,0.0,0.0,0.0
2020-12-16,14921,56605.0,6596.0,190616.0,1378,42202,0.0,0.0,0.0,0.0,0.0,0.0,0.0,0.0
2020-12-17,18022,57106.0,7835.0,198451.0,1440,43642,0.0,0.0,0.0,0.0,0.0,0.0,0.0,0.0
2020-12-18,16197,59351.0,6522.0,204973.0,1510,45152,0.0,0.0,0.0,0.0,0.0,0.0,0.0,0.0
2020-12-19,9821,17341.0,3082.0,208055.0,1555,46707,0.0,0.0,0.0,0.0,0.0,0.0,0.0,0.0
2020-12-20,6291,15296.0,1715.0,209770.0,1618,48325,0.0,0.0,0.0,0.0,0.0,0.0,0.0,0.0
2020-12-21,13289,80767.0,9753.0,219523.0,1618,49943,0.0,0.0,0.0,0.0,0.0,0.0,0.0,0.0
2020-12-22,18144,80183.0,9215.0,228738.0,1686,51629,0.0,0.0,0.0,0.0,0.0,0.0,0.0,0.0
2020-12-23,14238,89656.0,7354.0,236092.0,1732,53361,0.0,0.0,0.0,0.0,0.0,0.0,0.0,0.0
2020-12-24,18443,16835.0,5064.0,241156.0,1732,55093,0.0,0.0,0.0,0.0,0.0,0.0,0.0,0.0
2020-12-25,4249,2463.0,1182.0,242338.0,1732,56825,0.0,0.0,0.0,0.0,0.0,0.0,0.0,0.0
2020-12-26,3550,2445.0,1086.0,243424.0,1773,58598,0.0,0.0,0.0,0.0,0.0,0.0,0.0,0.0
2020-12-27,2540,3286.0,873.0,244297.0,1879,60477,0.0,0.0,0.0,0.0,0.0,0.0,0.0,0.0
2020-12-28,9330,64039.0,8648.0,252945.0,1983,62460,0.0,0.0,0.0,0.0,0.0,0.0,0.0,0.0
2020-12-29,11414,70634.0,9743.0,262688.0,2065,64525,0.0,0.0,0.0,0.0,0.0,0.0,0.0,0.0
2020-12-30,21978,70706.0,11915.0,274603.0,2138,66663,0.0,0.0,0.0,0.0,0.0,0.0,0.0,0.0
2020-12-31,16479,77333.0,10476.0,285079.0,2250,68913,0.0,0.0,0.0,0.0,0.0,0.0,0.0,0.0
2021-01-01,4954,9330.0,2326.0,287405.0,2250,71163,0.0,0.0,0.0,0.0,0.0,0.0,0.0,0.0
2021-01-02,4288,6178.0,1745.0,289150.0,2317,73480,0.0,0.0,0.0,0.0,0.0,0.0,0.0,0.0
2021-01-03,3111,3402.0,908.0,290058.0,2521,76001,0.0,0.0,0.0,0.0,0.0,0.0,0.0,0.0
2021-01-04,12396,74487.0,10347.0,300405.0,2603,78604,480.0,0.0,0.0,480.0,480.0,0.0,0.0,480.0
2021-01-05,17822,73076.0,11080.0,311485.0,2657,81261,1365.0,0.0,0.0,1365.0,885.0,0.0,0.0,885.0
2021-01-06,8257,15691.0,3165.0,314650.0,2717,83978,7648.0,0.0,0.0,7648.0,6283.0,0.0,0.0,6283.0
2021-01-07,10657,75001.0,8291.0,322941.0,2788,86766,15765.0,0.0,0.0,15765.0,8117.0,0.0,0.0,8117.0
2021-01-08,16368,76476.0,8003.0,330944.0,2836,89602,23900.0,0.0,0.0,23900.0,8135.0,0.0,0.0,8135.0
2021-01-09,12844,60528.0,4860.0,335804.0,2918,92520,25515.0,0.0,0.0,25515.0,1615.0,0.0,0.0,1615.0
2021-01-10,4328,28529.0,1785.0,337589.0,3007,95527,25715.0,0.0,0.0,25715.0,200.0,0.0,0.0,200.0
2021-01-11,12119,74449.0,5704.0,343293.0,3102,98629,29803.0,0.0,0.0,29803.0,4088.0,0.0,0.0,4088.0
2021-01-12,15440,63541.0,6605.0,349898.0,3163,101792,40714.0,0.0,0.0,40714.0,10911.0,0.0,0.0,10911.0
2021-01-13,12342,56781.0,5553.0,355451.0,3260,105052,47544.0,0.0,0.0,47544.0,6830.0,0.0,0.0,6830.0
2021-01-14,11875,50671.0,5022.0,360473.0,3362,108414,54946.0,0.0,0.0,54946.0,7402.0,0.0,0.0,7402.0
2021-01-15,11392,64145.0,4221.0,364694.0,3417,111831,62904.0,0.0,0.0,62904.0,7958.0,0.0,0.0,7958.0
2021-01-16,2850,49199.0,1701.0,366395.0,3474,115305,63787.0,0.0,0.0,63787.0,883.0,0.0,0.0,883.0
2021-01-17,6252,41414.0,2694.0,369089.0,3526,118831,63841.0,0.0,0.0,63841.0,54.0,0.0,0.0,54.0
2021-01-18,9817,74647.0,5294.0,374383.0,3637,122468,71941.0,582.0,0.0,72523.0,8100.0,582.0,0.0,8682.0
2021-01-19,12124,91100.0,5154.0,379537.0,3737,126205,79701.0,1166.0,0.0,80867.0,7760.0,584.0,0.0,8344.0
2021-01-20,12668,110376.0,4792.0,384329.0,3801,130006,86715.0,2040.0,0.0,88755.0,7014.0,874.0,0.0,7888.0
2021-01-21,11018,217375.0,4888.0,389217.0,3894,133900,92304.0,2689.0,0.0,94993.0,5589.0,649.0,0.0,6238.0
2021-01-22,20264,248840.0,4392.0,393609.0,3965,137865,98988.0,2822.0,0.0,101810.0,6684.0,133.0,0.0,6817.0
2021-01-23,16498,781689.0,8420.0,402029.0,4068,141933,99264.0,2822.0,0.0,102086.0,276.0,0.0,0.0,276.0
2021-01-24,3806,407052.0,4344.0,406373.0,4068,146001,99264.0,2822.0,0.0,102086.0,0.0,0.0,0.0,0.0
2021-01-25,10950,225531.0,4328.0,410701.0,4260,150261,106122.0,5115.0,0.0,111237.0,6858.0,2293.0,0.0,9151.0
2021-01-26,14015,181015.0,5442.0,416143.0,4361,154622,113036.0,5476.0,0.0,118512.0,6914.0,361.0,0.0,7275.0
2021-01-27,9811,73265.0,3762.0,419905.0,4411,159033,119819.0,5645.0,0.0,125464.0,6783.0,169.0,0.0,6952.0
2021-01-28,11293,72934.0,4671.0,424576.0,4495,163528,128167.0,7288.0,0.0,135455.0,8348.0,1643.0,0.0,9991.0
2021-01-29,11207,154371.0,4898.0,429474.0,4565,168093,137772.0,9757.0,0.0,147529.0,9605.0,2469.0,0.0,12074.0
2021-01-30,8201,486302.0,6542.0,436016.0,4642,172735,139161.0,9760.0,0.0,148921.0,1389.0,3.0,0.0,1392.0
2021-01-31,2290,256495.0,3309.0,439325.0,4711,177446,139221.0,9760.0,0.0,148981.0,60.0,0.0,0.0,60.0
2021-02-01,9504,192925.0,5237.0,444562.0,4784,182230,148419.0,12671.0,0.0,161090.0,9198.0,2911.0,0.0,12109.0
2021-02-02,12313,150566.0,6481.0,451043.0,4889,187119,157179.0,16121.0,0.0,173300.0,8760.0,3450.0,0.0,12210.0
2021-02-03,11223,82023.0,4650.0,455693.0,4976,192095,166634.0,18457.0,0.0,185091.0,9455.0,2336.0,0.0,11791.0
2021-02-04,11282,105633.0,5553.0,461246.0,5050,197145,175397.0,24054.0,0.0,199451.0,8763.0,5597.0,0.0,14360.0
2021-02-05,13677,221348.0,5289.0,466535.0,5135,202280,183764.0,30735.0,0.0,214499.0,8367.0,6681.0,0.0,15048.0
2021-02-06,8282,661016.0,7040.0,473575.0,5199,207479,185757.0,31406.0,0.0,217163.0,1993.0,671.0,0.0,2664.0
2021-02-07,3784,388616.0,4072.0,477647.0,5271,212750,185937.0,31406.0,0.0,217343.0,180.0,0.0,0.0,180.0
2021-02-08,9410,286154.0,5355.0,483002.0,5382,218132,193428.0,35685.0,0.0,229113.0,7491.0,4279.0,0.0,11770.0
2021-02-09,13980,178925.0,6216.0,489218.0,5502,223634,200756.0,43217.0,0.0,243973.0,7328.0,7532.0,0.0,14860.0
2021-02-10,10932,134000.0,5470.0,494688.0,5629,229263,207182.0,49729.0,0.0,256911.0,6426.0,6512.0,0.0,12938.0
2021-02-11,10402,136295.0,4905.0,499593.0,5733,234996,214637.0,56329.0,0.0,270966.0,7455.0,6600.0,0.0,14055.0
2021-02-12,13991,293836.0,5673.0,505266.0,5812,240808,222331.0,62724.0,0.0,285055.0,7694.0,6395.0,0.0,14089.0
2021-02-13,7597,675792.0,6281.0,511547.0,5885,246693,226126.0,63120.0,0.0,289246.0,3795.0,396.0,0.0,4191.0
2021-02-14,2775,345754.0,3491.0,515038.0,5952,252645,236729.0,63325.0,0.0,300054.0,10603.0,205.0,0.0,10808.0
2021-02-15,8237,234188.0,4725.0,519763.0,6063,258708,243485.0,70223.0,0.0,313708.0,6756.0,6898.0,0.0,13654.0
2021-02-16,13050,161088.0,5929.0,525692.0,6168,264876,248484.0,76534.0,0.0,325018.0,4999.0,6311.0,0.0,11310.0
2021-02-17,10848,128036.0,5351.0,531043.0,6271,271147,254044.0,82520.0,0.0,336564.0,5560.0,5986.0,0.0,11546.0
2021-02-18,10283,150261.0,5130.0,536173.0,6350,277497,258720.0,89119.0,0.0,347839.0,4676.0,6599.0,0.0,11275.0
2021-02-19,14300,307956.0,6279.0,542452.0,6424,283921,265143.0,95957.0,0.0,361100.0,6423.0,6838.0,0.0,13261.0
2021-02-20,8277,725581.0,6982.0,549434.0,6505,290426,271503.0,96240.0,0.0,367743.0,6360.0,283.0,0.0,6643.0
2021-02-21,3059,316624.0,3538.0,552972.0,6577,297003,277819.0,96240.0,0.0,374059.0,6316.0,0.0,0.0,6316.0
2021-02-22,9869,222343.0,5435.0,558407.0,6671,303674,283446.0,103249.0,0.0,386695.0,5627.0,7009.0,0.0,12636.0
2021-02-23,15160,160796.0,6432.0,564839.0,6775,310449,289598.0,109807.0,0.0,399405.0,6152.0,6558.0,0.0,12710.0
2021-02-24,10958,138320.0,5448.0,570287.0,6859,317308,295746.0,116626.0,0.0,412372.0,6148.0,6819.0,0.0,12967.0
2021-02-25,12065,159469.0,5255.0,575542.0,6966,324274,298970.0,124436.0,0.0,423406.0,3224.0,7810.0,0.0,11034.0
2021-02-26,15731,321005.0,6182.0,581724.0,7075,331349,302890.0,133428.0,0.0,436318.0,3920.0,8992.0,0.0,12912.0
2021-02-27,8839,748261.0,6947.0,588671.0,7189,338538,310214.0,134312.0,0.0,444526.0,7324.0,884.0,0.0,8208.0
2021-02-28,3565,333276.0,3464.0,592135.0,7270,345808,315780.0,134312.0,0.0,450092.0,5566.0,0.0,0.0,5566.0
2021-03-01,10854,228978.0,5262.0,597397.0,7388,353196,321586.0,143609.0,0.0,465195.0,5806.0,9297.0,0.0,15103.0
2021-03-02,15111,189558.0,6103.0,603500.0,7489,360685,327308.0,153286.0,0.0,480594.0,5722.0,9677.0,0.0,15399.0
2021-03-03,12624,168772.0,5290.0,608790.0,7560,368245,331621.0,162481.0,0.0,494102.0,4313.0,9195.0,0.0,13508.0
2021-03-04,11749,185186.0,4823.0,613613.0,7665,375910,336038.0,171229.0,0.0,507267.0,4417.0,8748.0,0.0,13165.0
2021-03-05,15721,339614.0,5365.0,618978.0,7739,383649,341727.0,178527.0,0.0,520254.0,5689.0,7298.0,0.0,12987.0
2021-03-06,7611,769647.0,5210.0,624188.0,7836,391485,357799.0,180268.0,0.0,538067.0,16072.0,1741.0,0.0,17813.0
2021-03-07,2747,346318.0,2694.0,626882.0,7921,399406,367231.0,180460.0,0.0,547691.0,9432.0,192.0,0.0,9624.0
2021-03-08,11222,235636.0,4818.0,631700.0,8037,407443,372379.0,189209.0,0.0,561588.0,5148.0,8749.0,0.0,13897.0
2021-03-09,16361,180824.0,5644.0,637344.0,8146,415589,375897.0,196305.0,0.0,572202.0,3518.0,7096.0,0.0,10614.0
2021-03-10,10643,160463.0,3951.0,641295.0,8244,423833,379831.0,202819.0,0.0,582650.0,3934.0,6514.0,0.0,10448.0
2021-03-11,11176,178898.0,4162.0,645457.0,8346,432179,390920.0,209797.0,0.0,600717.0,11089.0,6978.0,0.0,18067.0
2021-03-12,14496,351093.0,4752.0,650209.0,8440,440619,404700.0,216096.0,0.0,620796.0,13780.0,6299.0,0.0,20079.0
2021-03-13,7149,775230.0,4703.0,654912.0,8528,449147,422315.0,218132.0,0.0,640447.0,17615.0,2036.0,0.0,19651.0
2021-03-14,2780,350347.0,2302.0,657214.0,8605,457752,436323.0,218308.0,0.0,654631.0,14008.0,176.0,0.0,14184.0
2021-03-15,9820,223078.0,3811.0,661025.0,8669,466421,450771.0,222264.0,0.0,673035.0,14448.0,3956.0,0.0,18404.0
2021-03-16,14601,177043.0,4721.0,665746.0,8738,475159,466598.0,225637.0,0.0,692235.0,15827.0,3373.0,0.0,19200.0
2021-03-17,11088,157668.0,3591.0,669337.0,8814,483973,482634.0,229516.0,0.0,712150.0,16036.0,3879.0,0.0,19915.0
2021-03-18,9672,181073.0,3294.0,672631.0,8894,492867,499422.0,233285.0,0.0,732707.0,16788.0,3769.0,0.0,20557.0
2021-03-19,13293,346014.0,3829.0,676460.0,8978,501845,513288.0,239650.0,0.0,752938.0,13866.0,6365.0,0.0,20231.0
2021-03-20,5896,748433.0,3616.0,680076.0,9044,510889,532306.0,241050.0,0.0,773356.0,19018.0,1400.0,0.0,20418.0
2021-03-21,3861,357396.0,1966.0,682042.0,9104,519993,546587.0,241803.0,0.0,788390.0,14281.0,753.0,0.0,15034.0
2021-03-22,10875,222940.0,3052.0,685094.0,9190,529183,564579.0,245139.0,0.0,809718.0,17992.0,3336.0,0.0,21328.0
2021-03-23,11378,172549.0,3493.0,688587.0,9261,538444,582986.0,249716.0,0.0,832702.0,18407.0,4577.0,0.0,22984.0
2021-03-24,10111,151274.0,3061.0,691648.0,9313,547757,601657.0,253922.0,0.0,855579.0,18671.0,4206.0,0.0,22877.0
2021-03-25,9079,183536.0,2636.0,694284.0,9373,557130,618913.0,256798.0,0.0,875711.0,17256.0,2876.0,0.0,20132.0
2021-03-26,12389,351959.0,3195.0,697479.0,9426,566556,636088.0,258747.0,0.0,894835.0,17175.0,1949.0,0.0,19124.0
2021-03-27,7087,731468.0,3128.0,700607.0,9496,576052,651072.0,258912.0,0.0,909984.0,14984.0,165.0,0.0,15149.0
2021-03-28,2298,353571.0,1510.0,702117.0,9542,585594,660222.0,258913.0,0.0,919135.0,9150.0,1.0,0.0,9151.0
2021-03-29,8705,220267.0,2694.0,704811.0,9624,595218,679031.0,260257.0,0.0,939288.0,18809.0,1344.0,0.0,20153.0
2021-03-30,11407,178272.0,3065.0,707876.0,9719,604937,697799.0,262136.0,0.0,959935.0,18768.0,1879.0,0.0,20647.0
2021-03-31,8654,222306.0,2546.0,710422.0,9790,614727,718620.0,264034.0,0.0,982654.0,20821.0,1898.0,0.0,22719.0
2021-04-01,12869,309597.0,2628.0,713050.0,9877,624604,738966.0,265752.0,0.0,1004718.0,20346.0,1718.0,0.0,22064.0
2021-04-02,6296,166076.0,1371.0,714421.0,9948,634552,743394.0,265854.0,0.0,1009248.0,4428.0,102.0,0.0,4530.0
2021-04-03,4421,753791.0,2576.0,716997.0,10025,644577,754677.0,266018.0,0.0,1020695.0,11283.0,164.0,0.0,11447.0
2021-04-04,1831,166408.0,707.0,717704.0,10094,654671,758773.0,266018.0,0.0,1024791.0,4096.0,0.0,0.0,4096.0
2021-04-05,3145,107978.0,972.0,718676.0,10156,664827,759142.0,266022.0,0.0,1025164.0,369.0,4.0,0.0,373.0
2021-04-06,10707,300863.0,2640.0,721316.0,10243,675070,775764.0,269521.0,0.0,1045285.0,16622.0,3499.0,0.0,20121.0
2021-04-07,11881,200833.0,2544.0,723860.0,10322,685392,796503.0,271743.0,0.0,1068246.0,20739.0,2222.0,0.0,22961.0
2021-04-08,9003,150056.0,1729.0,725589.0,10411,695803,811759.0,279863.0,0.0,1091622.0,15256.0,8120.0,0.0,23376.0
2021-04-09,11753,273279.0,2017.0,727606.0,10487,706290,828265.0,288886.0,0.0,1117151.0,16506.0,9023.0,0.0,25529.0
2021-04-10,7470,723339.0,1981.0,729587.0,10565,716855,848553.0,289708.0,0.0,1138261.0,20288.0,822.0,0.0,21110.0
2021-04-11,1502,353975.0,841.0,730428.0,10630,727485,868346.0,290976.0,0.0,1159322.0,19793.0,1268.0,0.0,21061.0
2021-04-12,8275,225128.0,1784.0,732212.0,10716,738201,880193.0,301427.0,0.0,1181620.0,11847.0,10451.0,0.0,22298.0
2021-04-13,8593,175109.0,1762.0,733974.0,10798,748999,890115.0,312797.0,0.0,1202912.0,9922.0,11370.0,0.0,21292.0
2021-04-14,7312,171786.0,1523.0,735497.0,10877,759876,900430.0,323801.0,0.0,1224231.0,10315.0,11004.0,0.0,21319.0
2021-04-15,7662,158575.0,1310.0,736807.0,10970,770846,912220.0,336221.0,0.0,1248441.0,11790.0,12420.0,0.0,24210.0
2021-04-16,13377,306114.0,1586.0,738393.0,11043,781889,926478.0,348243.0,0.0,1274721.0,14258.0,12022.0,0.0,26280.0
2021-04-17,17057,709210.0,1645.0,740038.0,11106,792995,952873.0,348612.0,0.0,1301485.0,26395.0,369.0,0.0,26764.0
2021-04-18,1434,365105.0,728.0,740766.0,11172,804167,965176.0,348708.0,0.0,1313884.0,12303.0,96.0,0.0,12399.0
2021-04-19,7959,225645.0,1470.0,742236.0,11244,815411,974655.0,360401.0,0.0,1335056.0,9479.0,11693.0,0.0,21172.0
2021-04-20,7429,177050.0,1411.0,743647.0,11304,826715,982832.0,374638.0,0.0,1357470.0,8177.0,14237.0,0.0,22414.0
2021-04-21,6796,149979.0,1335.0,744982.0,11357,838072,990280.0,388583.0,0.0,1378863.0,7448.0,13945.0,0.0,21393.0
2021-04-22,6563,149301.0,1048.0,746030.0,11405,849477,999186.0,402380.0,0.0,1401566.0,8906.0,13797.0,0.0,22703.0
2021-04-23,14312,309113.0,1536.0,747566.0,11458,860935,1007324.0,417156.0,0.0,1424480.0,8138.0,14776.0,0.0,22914.0
2021-04-24,30594,674342.0,1369.0,748935.0,11495,872430,1021904.0,423913.0,0.0,1445817.0,14580.0,6757.0,0.0,21337.0
2021-04-25,10622,344745.0,692.0,749627.0,11531,883961,1035142.0,429695.0,0.0,1464837.0,13238.0,5782.0,0.0,19020.0
2021-04-26,8285,202735.0,1190.0,750817.0,11572,895533,1042114.0,447909.0,0.0,1490023.0,6972.0,18214.0,0.0,25186.0
2021-04-27,7508,149736.0,1192.0,752009.0,11611,907144,1047560.0,463741.0,0.0,1511301.0,5446.0,15832.0,0.0,21278.0
2021-04-28,6557,139370.0,1066.0,753075.0,11647,918791,1053786.0,479765.0,0.0,1533551.0,6226.0,16024.0,0.0,22250.0
2021-04-29,9012,153633.0,1003.0,754078.0,11684,930475,1061264.0,496525.0,0.0,1557789.0,7478.0,16760.0,0.0,24238.0
2021-04-30,8431,299017.0,1155.0,755233.0,11732,942207,1082249.0,503503.0,0.0,1585752.0,20985.0,6978.0,0.0,27963.0
2021-05-01,34967,440510.0,1016.0,756249.0,11766,953973,1108204.0,507731.0,0.0,1615935.0,25955.0,4228.0,0.0,30183.0
2021-05-02,12176,266830.0,627.0,756876.0,11807,965780,1125459.0,511019.0,0.0,1636478.0,17255.0,3288.0,0.0,20543.0
2021-05-03,7225,138314.0,930.0,757806.0,11855,977635,1145457.0,513981.0,0.0,1659438.0,19998.0,2962.0,0.0,22960.0
2021-05-04,8020,107845.0,1090.0,758896.0,11886,989521,1155419.0,528861.0,0.0,1684280.0,9962.0,14880.0,0.0,24842.0
2021-05-05,6268,90695.0,715.0,759611.0,11920,1001441,1161591.0,546929.0,0.0,1708520.0,6172.0,18068.0,0.0,24240.0
2021-05-06,6995,102736.0,751.0,760362.0,11946,1013387,1173906.0,560576.0,0.0,1734482.0,12315.0,13647.0,0.0,25962.0
2021-05-07,12132,178967.0,832.0,761194.0,11990,1025377,1188880.0,575373.0,0.0,1764253.0,14974.0,14797.0,0.0,29771.0
2021-05-08,3666,175758.0,352.0,761546.0,12019,1037396,1223989.0,585652.0,0.0,1809641.0,35109.0,10279.0,0.0,45388.0
2021-05-09,5418,171483.0,711.0,762257.0,12051,1049447,1253373.0,588614.0,0.0,1841987.0,29384.0,2962.0,0.0,32346.0
2021-05-10,7995,122926.0,784.0,763041.0,12077,1061524,1277747.0,595996.0,0.0,1873743.0,24374.0,7382.0,0.0,31756.0
2021-05-11,6776,87466.0,673.0,763714.0,12096,1073620,1299958.0,604309.0,0.0,1904267.0,22211.0,8313.0,0.0,30524.0
2021-05-12,4968,79513.0,607.0,764321.0,12135,1085755,1318663.0,615197.0,0.0,1933860.0,18705.0,10888.0,0.0,29593.0
2021-05-13,7092,83682.0,560.0,764881.0,12168,1097923,1336693.0,627300.0,0.0,1963993.0,18030.0,12103.0,0.0,30133.0
2021-05-14,6728,145560.0,611.0,765492.0,12203,1110126,1358400.0,641884.0,0.0,2000284.0,21707.0,14584.0,0.0,36291.0
2021-05-15,2738,167502.0,375.0,765867.0,12224,1122350,1384153.0,660506.0,0.0,2044659.0,25753.0,18622.0,0.0,44375.0
2021-05-16,3154,121829.0,386.0,766253.0,12238,1134588,1407123.0,669729.0,0.0,2076852.0,22970.0,9223.0,0.0,32193.0
2021-05-17,7276,89496.0,551.0,766804.0,12248,1146836,1429118.0,681636.0,0.0,2110754.0,21995.0,11907.0,0.0,33902.0
2021-05-18,5836,73944.0,472.0,767276.0,12262,1159098,1451053.0,690006.0,0.0,2141059.0,21935.0,8370.0,0.0,30305.0
2021-05-19,5597,68550.0,455.0,767731.0,12272,1171370,1472734.0,699349.0,0.0,2172083.0,21681.0,9343.0,0.0,31024.0
2021-05-20,4004,70769.0,310.0,768041.0,12280,1183650,1494660.0,713033.0,0.0,2207693.0,21926.0,13684.0,0.0,35610.0
2021-05-21,5671,107096.0,398.0,768439.0,12286,1195936,1523690.0,722663.0,0.0,2246353.0,29030.0,9630.0,0.0,38660.0
2021-05-22,4122,104394.0,308.0,768747.0,12292,1208228,1549634.0,744518.0,0.0,2294152.0,25944.0,21855.0,0.0,47799.0
2021-05-23,1167,84541.0,208.0,768955.0,12296,1220524,1573762.0,754291.0,0.0,2328053.0,24128.0,9773.0,0.0,33901.0
2021-05-24,6612,86967.0,396.0,769351.0,12301,1232825,1599146.0,762212.0,0.0,2361358.0,25384.0,7921.0,0.0,33305.0
2021-05-25,6155,67168.0,397.0,769748.0,12312,1245137,1624978.0,767277.0,0.0,2392255.0,25832.0,5065.0,0.0,30897.0
2021-05-26,4977,61791.0,310.0,770058.0,12320,1257457,1645566.0,775834.0,0.0,2421400.0,20588.0,8557.0,0.0,29145.0
2021-05-27,4182,60204.0,253.0,770311.0,12333,1269790,1669921.0,788231.0,0.0,2458152.0,24355.0,12397.0,0.0,36752.0
2021-05-28,5589,91767.0,318.0,770629.0,12335,1282125,1686220.0,805945.0,0.0,2492165.0,16299.0,17714.0,0.0,34013.0
2021-05-29,2995,86676.0,222.0,770851.0,12339,1294464,1712507.0,829820.0,0.0,2542327.0,26287.0,23875.0,0.0,50162.0
2021-05-30,1309,74598.0,157.0,771008.0,12343,1306807,1726715.0,852732.0,0.0,2579447.0,14208.0,22912.0,0.0,37120.0
2021-05-31,7086,70392.0,355.0,771363.0,12353,1319160,1740462.0,873681.0,0.0,2614143.0,13747.0,20949.0,0.0,34696.0
2021-06-01,5256,52770.0,258.0,771621.0,12366,1331526,1759226.0,884164.0,0.0,2643390.0,18764.0,10483.0,0.0,29247.0
2021-06-02,5266,50878.0,258.0,771879.0,12375,1343901,1777856.0,893407.0,0.0,2671263.0,18630.0,9243.0,0.0,27873.0
2021-06-03,5340,50485.0,227.0,772106.0,12382,1356283,1795528.0,909597.0,0.0,2705125.0,17672.0,16190.0,0.0,33862.0
2021-06-04,5548,79413.0,252.0,772358.0,12395,1368678,1813052.0,926492.0,0.0,2739544.0,17524.0,16895.0,0.0,34419.0
2021-06-05,2780,70951.0,170.0,772528.0,12404,1381082,1824781.0,962365.0,0.0,2787146.0,11729.0,35873.0,0.0,47602.0
2021-06-06,981,59847.0,102.0,772630.0,12414,1393496,1831546.0,991270.0,0.0,2822816.0,6765.0,28905.0,0.0,35670.0
2021-06-07,5776,58627.0,243.0,772873.0,12423,1405919,1840843.0,1015367.0,0.0,2856210.0,9297.0,24097.0,0.0,33394.0
2021-06-08,5937,45323.0,241.0,773114.0,12430,1418349,1850375.0,1035489.0,0.0,2885864.0,9532.0,20122.0,0.0,29654.0
2021-06-09,4518,43802.0,166.0,773280.0,12433,1430782,1859359.0,1054933.0,0.0,2914292.0,8984.0,19444.0,0.0,28428.0
2021-06-10,4302,46683.0,156.0,773436.0,12433,1443215,1868516.0,1080509.0,0.0,2949025.0,9157.0,25576.0,0.0,34733.0
2021-06-11,5863,73943.0,175.0,773611.0,12436,1455651,1877728.0,1107183.0,0.0,2984911.0,9212.0,26674.0,0.0,35886.0
2021-06-12,2516,61661.0,99.0,773710.0,12439,1468090,1888648.0,1141106.0,0.0,3029754.0,10920.0,33923.0,0.0,44843.0
2021-06-13,1093,51057.0,69.0,773779.0,12441,1480531,1900213.0,1166060.0,0.0,3066273.0,11565.0,24954.0,0.0,36519.0
2021-06-14,6014,52641.0,127.0,773906.0,12446,1492977,1911006.0,1186300.0,0.0,3097306.0,10793.0,20240.0,0.0,31033.0
2021-06-15,4234,41864.0,109.0,774015.0,12456,1505433,1920865.0,1205497.0,0.0,3126362.0,9859.0,19197.0,0.0,29056.0
2021-06-16,4372,41165.0,100.0,774115.0,12464,1517897,1928092.0,1227218.0,0.0,3155310.0,7227.0,21721.0,0.0,28948.0
2021-06-17,3794,43642.0,81.0,774196.0,12478,1530375,1935063.0,1256112.0,0.0,3191175.0,6971.0,28894.0,0.0,35865.0
2021-06-18,5671,67037.0,103.0,774299.0,12486,1542861,1941737.0,1287041.0,0.0,3228778.0,6674.0,30929.0,0.0,37603.0
2021-06-19,2537,52076.0,51.0,774350.0,12492,1555353,1952498.0,1322673.0,0.0,3275171.0,10761.0,35632.0,0.0,46393.0
2021-06-20,896,40050.0,42.0,774392.0,12496,1567849,1957781.0,1356887.0,0.0,3314668.0,5283.0,34214.0,0.0,39497.0
2021-06-21,6071,46053.0,118.0,774510.0,12502,1580351,1964705.0,1384054.0,0.0,3348759.0,6924.0,27167.0,0.0,34091.0
2021-06-22,4377,36800.0,65.0,774575.0,12502,1592853,1971942.0,1409364.0,0.0,3381306.0,7237.0,25310.0,0.0,32547.0
2021-06-23,4208,37459.0,67.0,774642.0,12502,1605355,1980298.0,1430560.0,0.0,3410858.0,8356.0,21196.0,0.0,29552.0
2021-06-24,3359,37334.0,70.0,774712.0,12505,1617860,1986886.0,1460556.0,0.0,3447442.0,6588.0,29996.0,0.0,36584.0
2021-06-25,5685,55267.0,74.0,774786.0,12505,1630365,1996227.0,1488558.0,0.0,3484785.0,9341.0,28002.0,0.0,37343.0
2021-06-26,2553,42758.0,52.0,774838.0,12505,1642870,2002693.0,1523773.0,0.0,3526466.0,6466.0,35215.0,0.0,41681.0
2021-06-27,804,33583.0,37.0,774875.0,12509,1655379,2009884.0,1546763.0,0.0,3556647.0,7191.0,22990.0,0.0,30181.0
2021-06-28,5588,41502.0,79.0,774954.0,12510,1667889,2018769.0,1564222.0,0.0,3582991.0,8885.0,17459.0,0.0,26344.0
2021-06-29,5987,36942.0,57.0,775011.0,12510,1680399,2027926.0,1583603.0,0.0,3611529.0,9157.0,19381.0,0.0,28538.0
2021-06-30,5384,66725.0,55.0,775066.0,12511,1692910,2036115.0,1604366.0,0.0,3640481.0,8189.0,20763.0,0.0,28952.0
2021-07-01,5442,8300.0,28.0,775094.0,12511,1705421,2043862.0,1629741.0,0.0,3673603.0,7747.0,25375.0,0.0,33122.0
2021-07-02,8272,14219.0,34.0,775128.0,12513,1717934,2055200.0,1652265.0,0.0,3707465.0,11338.0,22524.0,0.0,33862.0
2021-07-03,4675,8977.0,29.0,775157.0,12513,1730447,2068732.0,1679996.0,0.0,3748728.0,13532.0,27731.0,0.0,41263.0
2021-07-04,1187,6902.0,12.0,775169.0,12513,1742960,2081484.0,1693814.0,0.0,3775298.0,12752.0,13818.0,0.0,26570.0
2021-07-05,2889,6431.0,24.0,775193.0,12514,1755474,2086210.0,1697914.0,0.0,3784124.0,4726.0,4100.0,0.0,8826.0
2021-07-06,5637,13003.0,56.0,775249.0,12516,1767990,2097190.0,1715024.0,0.0,3812214.0,10980.0,17110.0,0.0,28090.0
2021-07-07,5245,10881.0,48.0,775297.0,12516,1780506,2106995.0,1729993.0,0.0,3836988.0,9805.0,14969.0,0.0,24774.0
2021-07-08,5671,9959.0,50.0,775347.0,12517,1793023,2118082.0,1744140.0,0.0,3862222.0,11087.0,14147.0,0.0,25234.0
2021-07-09,8903,14432.0,58.0,775405.0,12519,1805542,2129922.0,1762435.0,0.0,3892357.0,11840.0,18295.0,0.0,30135.0
2021-07-10,4699,8376.0,34.0,775439.0,12519,1818061,2140725.0,1782607.0,0.0,3923332.0,10803.0,20172.0,0.0,30975.0
2021-07-11,1032,6800.0,15.0,775454.0,12521,1830582,2153942.0,1799177.0,0.0,3953119.0,13217.0,16570.0,0.0,29787.0
2021-07-12,6528,10530.0,41.0,775495.0,12522,1843104,2167700.0,1811716.0,0.0,3979416.0,13758.0,12539.0,0.0,26297.0
2021-07-13,4697,8277.0,32.0,775527.0,12523,1855627,2176605.0,1822575.0,0.0,3999180.0,8905.0,10859.0,0.0,19764.0
2021-07-14,5909,7849.0,39.0,775566.0,12524,1868151,2186520.0,1832619.0,0.0,4019139.0,9915.0,10044.0,0.0,19959.0
2021-07-15,6155,9270.0,43.0,775609.0,12524,1880675,2194307.0,1844165.0,0.0,4038472.0,7787.0,11546.0,0.0,19333.0
2021-07-16,9384,11591.0,48.0,775657.0,12524,1893199,2201926.0,1857976.0,0.0,4059902.0,7619.0,13811.0,0.0,21430.0
2021-07-17,6275,7864.0,37.0,775694.0,12524,1905723,2209988.0,1871028.0,0.0,4081016.0,8062.0,13052.0,0.0,21114.0
2021-07-18,1168,5863.0,11.0,775705.0,12527,1918250,2212827.0,1878451.0,0.0,4091278.0,2839.0,7423.0,0.0,10262.0
2021-07-19,7892,10703.0,52.0,775757.0,12531,1930781,2218095.0,1886298.0,0.0,4104393.0,5268.0,7847.0,0.0,13115.0
2021-07-20,6603,7880.0,52.0,775809.0,12534,1943315,2223379.0,1895104.0,0.0,4118483.0,5284.0,8806.0,0.0,14090.0
2021-07-21,6779,7621.0,50.0,775859.0,12534,1955849,2228906.0,1902527.0,0.0,4131433.0,5527.0,7423.0,0.0,12950.0
2021-07-22,7466,8717.0,67.0,775926.0,12534,1968383,2234629.0,1909336.0,0.0,4143965.0,5723.0,6809.0,0.0,12532.0
2021-07-23,10540,11107.0,53.0,775979.0,12534,1980917,2239131.0,1922153.0,0.0,4161284.0,4502.0,12817.0,0.0,17319.0
2021-07-24,5834,7439.0,58.0,776037.0,12534,1993451,2243452.0,1929721.0,0.0,4173173.0,4321.0,7568.0,0.0,11889.0
2021-07-25,1432,5872.0,19.0,776056.0,12534,2005985,2248522.0,1937385.0,0.0,4185907.0,5070.0,7664.0,0.0,12734.0
2021-07-26,8694,9807.0,73.0,776129.0,12534,2018519,2252379.0,1943119.0,0.0,4195498.0,3857.0,5734.0,0.0,9591.0
2021-07-27,7399,8012.0,100.0,776229.0,12534,2031053,2256520.0,1950421.0,0.0,4206941.0,4141.0,7302.0,0.0,11443.0
2021-07-28,6965,6904.0,69.0,776298.0,12536,2043589,2261058.0,1958125.0,0.0,4219183.0,4538.0,7704.0,0.0,12242.0
2021-07-29,7288,8688.0,60.0,776358.0,12536,2056125,2265961.0,1967527.0,0.0,4233488.0,4903.0,9402.0,0.0,14305.0
2021-07-30,10239,11241.0,86.0,776444.0,12540,2068665,2271716.0,1978143.0,0.0,4249859.0,5755.0,10616.0,0.0,16371.0
2021-07-31,5864,7195.0,68.0,776512.0,12540,2081205,2276026.0,1988981.0,0.0,4265007.0,4310.0,10838.0,0.0,15148.0
2021-08-01,1205,5219.0,22.0,776534.0,12540,2093745,2279440.0,2000408.0,0.0,4279848.0,3414.0,11427.0,0.0,14841.0
2021-08-02,7703,9534.0,74.0,776608.0,12541,2106286,2284134.0,2007003.0,0.0,4291137.0,4694.0,6595.0,0.0,11289.0
2021-08-03,6918,7844.0,108.0,776716.0,12541,2118827,2289070.0,2014224.0,0.0,4303294.0,4936.0,7221.0,0.0,12157.0
2021-08-04,5837,7306.0,65.0,776781.0,12541,2131368,2294447.0,2023649.0,0.0,4318096.0,5377.0,9425.0,0.0,14802.0
2021-08-05,7265,8101.0,86.0,776867.0,12541,2143909,2299988.0,2033066.0,0.0,4333054.0,5541.0,9417.0,0.0,14958.0
2021-08-06,10312,10546.0,67.0,776934.0,12541,2156450,2305833.0,2043244.0,0.0,4349077.0,5845.0,10178.0,0.0,16023.0
2021-08-07,4290,7013.0,54.0,776988.0,12541,2168991,2311161.0,2053645.0,0.0,4364806.0,5328.0,10401.0,0.0,15729.0
2021-08-08,1881,5293.0,33.0,777021.0,12541,2181532,2313895.0,2058694.0,0.0,4372589.0,2734.0,5049.0,0.0,7783.0
2021-08-09,8193,10377.0,119.0,777140.0,12543,2194075,2317278.0,2067552.0,0.0,4384830.0,3383.0,8858.0,0.0,12241.0
2021-08-10,5739,7934.0,97.0,777237.0,12544,2206619,2321716.0,2075531.0,0.0,4397247.0,4438.0,7979.0,0.0,12417.0
2021-08-11,6658,7741.0,95.0,777332.0,12544,2219163,2325989.0,2085437.0,0.0,4411426.0,4273.0,9906.0,0.0,14179.0
2021-08-12,6098,9011.0,85.0,777417.0,12544,2231707,2330051.0,2094292.0,0.0,4424343.0,4062.0,8855.0,0.0,12917.0
2021-08-13,9202,11715.0,128.0,777545.0,12544,2244251,2334817.0,2102941.0,0.0,4437758.0,4766.0,8649.0,0.0,13415.0
2021-08-14,4692,8231.0,95.0,777640.0,12544,2256795,2337783.0,2106982.0,0.0,4444765.0,2966.0,4041.0,0.0,7007.0
2021-08-15,1309,5879.0,28.0,777668.0,12544,2269339,2341459.0,2108725.0,0.0,4450184.0,3676.0,1743.0,0.0,5419.0
2021-08-16,7257,13296.0,119.0,777787.0,12546,2281885,2346148.0,2114144.0,0.0,4460292.0,4689.0,5419.0,0.0,10108.0
2021-08-17,6472,9374.0,137.0,777924.0,12547,2294432,2350170.0,2118979.0,0.0,4469149.0,4022.0,4835.0,0.0,8857.0
2021-08-18,6132,10393.0,131.0,778055.0,12547,2306979,2354949.0,2124990.0,0.0,4479939.0,4779.0,6011.0,0.0,10790.0
2021-08-19,5816,11919.0,122.0,778177.0,12547,2319526,2359294.0,2131027.0,0.0,4490321.0,4345.0,6037.0,0.0,10382.0
2021-08-20,7484,16910.0,145.0,778322.0,12547,2332073,2365546.0,2137045.0,0.0,4502591.0,6252.0,6018.0,0.0,12270.0
2021-08-21,4842,10260.0,128.0,778450.0,12547,2344620,2367745.0,2138817.0,0.0,4506562.0,2199.0,1772.0,0.0,3971.0
2021-08-22,943,8193.0,51.0,778501.0,12547,2357167,2371169.0,2140439.0,0.0,4511608.0,3424.0,1622.0,0.0,5046.0
2021-08-23,7578,13734.0,163.0,778664.0,12547,2369714,2374513.0,2144883.0,0.0,4519396.0,3344.0,4444.0,0.0,7788.0
2021-08-24,5380,11349.0,110.0,778774.0,12547,2382261,2377813.0,2149214.0,0.0,4527027.0,3300.0,4331.0,0.0,7631.0
2021-08-25,5931,10722.0,209.0,778983.0,12547,2394808,2382341.0,2154116.0,0.0,4536457.0,4528.0,4902.0,0.0,9430.0
2021-08-26,5017,12534.0,153.0,779136.0,12548,2407356,2385599.0,2158441.0,0.0,4544040.0,3258.0,4325.0,0.0,7583.0
2021-08-27,6542,16780.0,188.0,779324.0,12548,2419904,2389524.0,2165338.0,0.0,4554862.0,3925.0,6897.0,0.0,10822.0
2021-08-28,2832,10435.0,136.0,779460.0,12548,2432452,2392420.0,2167699.0,0.0,4560119.0,2896.0,2361.0,0.0,5257.0
2021-08-29,1485,4772.0,80.0,779540.0,12548,2445000,2393708.0,2169181.0,0.0,4562889.0,1288.0,1482.0,0.0,2770.0
2021-08-30,6779,14787.0,227.0,779767.0,12548,2457548,2396306.0,2173547.0,0.0,4569853.0,2598.0,4366.0,0.0,6964.0
2021-08-31,6546,16714.0,308.0,780075.0,12548,2470096,2399624.0,2178686.0,0.0,4578310.0,3318.0,5139.0,0.0,8457.0
2021-09-01,3468,3993.0,230.0,780305.0,12548,2482644,2399955.0,2178912.0,0.0,4578867.0,331.0,226.0,0.0,557.0
2021-09-02,7555,14134.0,384.0,780689.0,12549,2495193,2402978.0,2185311.0,0.0,4588289.0,3023.0,6399.0,0.0,9422.0
2021-09-03,11605,17350.0,475.0,781164.0,12549,2507742,2406396.0,2191180.0,0.0,4597576.0,3418.0,5869.0,0.0,9287.0
2021-09-04,21034,10895.0,291.0,781455.0,12549,2520291,2407473.0,2192216.0,0.0,4599689.0,1077.0,1036.0,0.0,2113.0
2021-09-05,13726,8581.0,189.0,781644.0,12551,2532842,2408495.0,2193014.0,0.0,4601509.0,1022.0,798.0,0.0,1820.0
2021-09-06,8113,18226.0,504.0,782148.0,12552,2545394,2410379.0,2196561.0,0.0,4606940.0,1884.0,3547.0,0.0,5431.0
2021-09-07,9450,15443.0,592.0,782740.0,12553,2557947,2412603.0,2199642.0,0.0,4612245.0,2224.0,3081.0,0.0,5305.0
2021-09-08,34226,15547.0,657.0,783397.0,12556,2570503,2414723.0,2203336.0,0.0,4618059.0,2120.0,3694.0,0.0,5814.0
2021-09-09,6552,17990.0,562.0,783959.0,12558,2583061,2417308.0,2207809.0,0.0,4625117.0,2585.0,4473.0,0.0,7058.0
2021-09-10,8073,21739.0,703.0,784662.0,12558,2595619,2420427.0,2213798.0,0.0,4634225.0,3119.0,5989.0,0.0,9108.0
2021-09-11,4506,12255.0,522.0,785184.0,12558,2608177,2421086.0,2214418.0,0.0,4635504.0,659.0,620.0,0.0,1279.0
2021-09-12,1439,10979.0,203.0,785387.0,12560,2620737,2421927.0,2215456.0,0.0,4637383.0,841.0,1038.0,0.0,1879.0
2021-09-13,7651,24806.0,766.0,786153.0,12562,2633299,2424052.0,2218712.0,0.0,4642764.0,2125.0,3256.0,0.0,5381.0
2021-09-14,8928,22526.0,1031.0,787184.0,12566,2645865,2427065.0,2221592.0,0.0,4648657.0,3013.0,2880.0,0.0,5893.0
2021-09-15,4067,6111.0,462.0,787646.0,12566,2658431,2427245.0,2221817.0,0.0,4649062.0,180.0,225.0,0.0,405.0
2021-09-16,8999,24509.0,1295.0,788941.0,12569,2671000,2430189.0,2227540.0,0.0,4657729.0,2944.0,5723.0,0.0,8667.0
2021-09-17,10084,27131.0,1100.0,790041.0,12569,2683569,2433602.0,2232876.0,0.0,4666478.0,3413.0,5336.0,0.0,8749.0
2021-09-18,6785,14104.0,916.0,790957.0,12569,2696138,2434477.0,2233998.0,0.0,4668475.0,875.0,1122.0,0.0,1997.0
2021-09-19,1981,14324.0,311.0,791268.0,12573,2708711,2435887.0,2234896.0,0.0,4670783.0,1410.0,898.0,0.0,2308.0
2021-09-20,10475,29177.0,1249.0,792517.0,12580,2721291,2437933.0,2237455.0,0.0,4675388.0,2046.0,2559.0,0.0,4605.0
2021-09-21,10898,25774.0,1502.0,794019.0,12589,2733880,2441019.0,2240085.0,0.0,4681104.0,3086.0,2630.0,0.0,5716.0
2021-09-22,9925,23519.0,1268.0,795287.0,12592,2746472,2443670.0,2242962.0,0.0,4686632.0,2651.0,2877.0,0.0,5528.0
2021-09-23,8010,24115.0,1125.0,796412.0,12594,2759066,2447010.0,2246283.0,0.0,4693293.0,3340.0,3321.0,0.0,6661.0
2021-09-24,10449,32490.0,1397.0,797809.0,12596,2771662,2451327.0,2251056.0,0.0,4702383.0,4317.0,4773.0,0.0,9090.0
2021-09-25,6584,15233.0,914.0,798723.0,12596,2784258,2451957.0,2251664.0,2.0,4703623.0,630.0,608.0,2.0,1240.0
2021-09-26,1518,15023.0,400.0,799123.0,12596,2796854,2452938.0,2252251.0,2.0,4705191.0,981.0,587.0,0.0,1568.0
2021-09-27,11086,33563.0,1609.0,800732.0,12606,2809460,2455147.0,2254391.0,2.0,4709540.0,2209.0,2140.0,0.0,4349.0
2021-09-28,11698,27030.0,1859.0,802591.0,12620,2822080,2457310.0,2256340.0,8.0,4713658.0,2163.0,1949.0,6.0,4118.0
2021-09-29,11174,23459.0,1783.0,804374.0,12637,2834717,2459812.0,2257933.0,64.0,4717809.0,2502.0,1593.0,56.0,4151.0
2021-09-30,9308,26389.0,1611.0,805985.0,12649,2847366,2462321.0,2260149.0,65.0,4722535.0,2509.0,2216.0,1.0,4726.0
2021-10-01,11203,29016.0,1726.0,807711.0,12660,2860026,2466311.0,2263592.0,72.0,4729975.0,3990.0,3443.0,7.0,7440.0
2021-10-02,7308,14787.0,1252.0,808963.0,12668,2872694,2467034.0,2264221.0,74.0,4731329.0,723.0,629.0,2.0,1354.0
2021-10-03,2223,15099.0,592.0,809555.0,12676,2885370,2468142.0,2264623.0,74.0,4732839.0,1108.0,402.0,0.0,1510.0
2021-10-04,11509,32859.0,1886.0,811441.0,12690,2898060,2469912.0,2266055.0,74.0,4736041.0,1770.0,1432.0,0.0,3202.0
2021-10-05,14117,28895.0,2489.0,813930.0,12697,2910757,2471513.0,2267485.0,80.0,4739078.0,1601.0,1430.0,6.0,3037.0
2021-10-06,11115,27133.0,1932.0,815862.0,12705,2923462,2473265.0,2269246.0,80.0,4742591.0,1752.0,1761.0,0.0,3513.0
2021-10-07,11034,26144.0,2164.0,818026.0,12720,2936182,2475566.0,2271300.0,94.0,4746960.0,2301.0,2054.0,14.0,4369.0
2021-10-08,12269,29455.0,2282.0,820308.0,12729,2948911,2479131.0,2274749.0,107.0,4753987.0,3565.0,3449.0,13.0,7027.0
2021-10-09,7508,13268.0,1411.0,821719.0,12731,2961642,2479857.0,2275107.0,108.0,4755072.0,726.0,358.0,1.0,1085.0
2021-10-10,2819,14942.0,761.0,822480.0,12735,2974377,2480859.0,2275571.0,113.0,4756543.0,1002.0,464.0,5.0,1471.0
2021-10-11,11872,33878.0,2212.0,824692.0,12752,2987129,2482211.0,2277301.0,158.0,4759670.0,1352.0,1730.0,45.0,3127.0
2021-10-12,13927,28249.0,2961.0,827653.0,12772,2999901,2483899.0,2278914.0,173.0,4762986.0,1688.0,1613.0,15.0,3316.0
2021-10-13,12531,25400.0,2383.0,830036.0,12791,3012692,2485376.0,2279926.0,219.0,4765521.0,1477.0,1012.0,46.0,2535.0
2021-10-14,11518,26074.0,2426.0,832462.0,12816,3025508,2487152.0,2281684.0,249.0,4769085.0,1776.0,1758.0,30.0,3564.0
2021-10-15,11618,29043.0,2520.0,834982.0,12833,3038341,2490117.0,2285121.0,536.0,4775774.0,2965.0,3437.0,287.0,6689.0
2021-10-16,8996,14814.0,2171.0,837153.0,12846,3051187,2490674.0,2285472.0,542.0,4776688.0,557.0,351.0,6.0,914.0
2021-10-17,3162,17982.0,1185.0,838338.0,12854,3064041,2491430.0,2285798.0,573.0,4777801.0,756.0,326.0,31.0,1113.0
2021-10-18,12160,37267.0,2992.0,841330.0,12864,3076905,2492794.0,2287466.0,2279.0,4782539.0,1364.0,1668.0,1706.0,4738.0
2021-10-19,16199,29821.0,4299.0,845629.0,12872,3089777,2494124.0,2288972.0,4082.0,4787178.0,1330.0,1506.0,1803.0,4639.0
2021-10-20,14273,27281.0,3992.0,849621.0,12883,3102660,2495622.0,2290907.0,7506.0,4794035.0,1498.0,1935.0,3424.0,6857.0
2021-10-21,14282,29371.0,4413.0,854034.0,12886,3115546,2497234.0,2292905.0,11075.0,4801214.0,1612.0,1998.0,3569.0,7179.0
2021-10-22,15276,29604.0,4413.0,858447.0,12895,3128441,2500172.0,2296952.0,14844.0,4811968.0,2938.0,4047.0,3769.0,10754.0
2021-10-23,12572,15497.0,3917.0,862364.0,12903,3141344,2501000.0,2297431.0,17702.0,4816133.0,828.0,479.0,2858.0,4165.0
2021-10-24,3854,16601.0,1865.0,864229.0,12917,3154261,2501557.0,2297766.0,19026.0,4818349.0,557.0,335.0,1324.0,2216.0
2021-10-25,15341,40583.0,4526.0,868755.0,12935,3167196,2503207.0,2299645.0,22551.0,4825403.0,1650.0,1879.0,3525.0,7054.0
2021-10-26,19658,31692.0,6080.0,874835.0,12957,3180153,2504887.0,2301192.0,26621.0,4832700.0,1680.0,1547.0,4070.0,7297.0
2021-10-27,18507,30186.0,6283.0,881118.0,12977,3193130,2506518.0,2302874.0,33662.0,4843054.0,1631.0,1682.0,7041.0,10354.0
2021-10-28,17338,32127.0,6121.0,887239.0,13000,3206130,2508651.0,2304810.0,42835.0,4856296.0,2133.0,1936.0,9173.0,13242.0
2021-10-29,17638,30115.0,6680.0,893919.0,13018,3219148,2511310.0,2308308.0,53298.0,4872916.0,2659.0,3498.0,10463.0,16620.0
2021-10-30,14382,14887.0,5072.0,898991.0,13034,3232182,2511959.0,2308708.0,54844.0,4875511.0,649.0,400.0,1546.0,2595.0
2021-10-31,6733,14442.0,3132.0,902123.0,13045,3245227,2513010.0,2308971.0,56534.0,4878515.0,1051.0,263.0,1690.0,3004.0
2021-11-01,9682,10919.0,3255.0,905378.0,13076,3258303,2513075.0,2308988.0,57109.0,4879172.0,65.0,17.0,575.0,657.0
2021-11-02,19150,46174.0,8272.0,913650.0,13112,3271415,2515096.0,2310976.0,67911.0,4893983.0,2021.0,1988.0,10802.0,14811.0
2021-11-03,21705,36436.0,8876.0,922526.0,13146,3284561,2516731.0,2312458.0,79827.0,4909016.0,1635.0,1482.0,11916.0,15033.0
2021-11-04,20519,34008.0,8734.0,931260.0,13166,3297727,2518668.0,2314115.0,92987.0,4925770.0,1937.0,1657.0,13160.0,16754.0
2021-11-05,21305,34124.0,8631.0,939891.0,13205,3310932,2521928.0,2316897.0,109471.0,4948296.0,3260.0,2782.0,16484.0,22526.0
2021-11-06,16826,16302.0,6768.0,946659.0,13229,3324161,2523709.0,2317341.0,120461.0,4961511.0,1781.0,444.0,10990.0,13215.0
2021-11-07,8986,21629.0,4897.0,951556.0,13269,3337430,2526243.0,2317882.0,126129.0,4970254.0,2534.0,541.0,5668.0,8743.0
2021-11-08,19537,47731.0,8292.0,959848.0,13314,3350744,2528335.0,2319158.0,139246.0,4986739.0,2092.0,1276.0,13117.0,16485.0
2021-11-09,24791,36737.0,9414.0,969262.0,13367,3364111,2531131.0,2320475.0,152489.0,5004095.0,2796.0,1317.0,13243.0,17356.0
2021-11-10,22967,38185.0,9115.0,978377.0,13405,3377516,2534579.0,2321792.0,167222.0,5023593.0,3448.0,1317.0,14733.0,19498.0
2021-11-11,23203,38875.0,9442.0,987819.0,13446,3390962,2538675.0,2323397.0,182620.0,5044692.0,4096.0,1605.0,15398.0,21099.0
2021-11-12,26314,37712.0,9901.0,997720.0,13485,3404447,2545288.0,2326041.0,200797.0,5072126.0,6613.0,2644.0,18177.0,27434.0
2021-11-13,17941,17728.0,7693.0,1005413.0,13537,3417984,2551787.0,2326550.0,211708.0,5090045.0,6499.0,509.0,10911.0,17919.0
2021-11-14,10999,25843.0,5739.0,1011152.0,13598,3431582,2555409.0,2326912.0,216047.0,5098368.0,3622.0,362.0,4339.0,8323.0
2021-11-15,24291,55955.0,10529.0,1021681.0,13644,3445226,2559546.0,2328035.0,228351.0,5115932.0,4137.0,1123.0,12304.0,17564.0
2021-11-16,26545,41230.0,11342.0,1033023.0,13687,3458913,2564204.0,2329434.0,241294.0,5134932.0,4658.0,1399.0,12943.0,19000.0
2021-11-17,22206,14998.0,9183.0,1042206.0,13725,3472638,2565705.0,2329634.0,244571.0,5139910.0,1501.0,200.0,3277.0,4978.0
2021-11-18,23440,51037.0,11346.0,1053552.0,13781,3486419,2571567.0,2331910.0,259798.0,5163275.0,5862.0,2276.0,15227.0,23365.0
2021-11-19,27267,43599.0,12718.0,1066270.0,13818,3500237,2580486.0,2334492.0,277000.0,5191978.0,8919.0,2582.0,17202.0,28703.0
2021-11-20,22096,20009.0,9809.0,1076079.0,13861,3514098,2590688.0,2335329.0,288711.0,5214728.0,10202.0,837.0,11711.0,22750.0
2021-11-21,13025,33510.0,7255.0,1083334.0,13919,3528017,2596424.0,2335827.0,295805.0,5228056.0,5736.0,498.0,7094.0,13328.0
2021-11-22,23107,64112.0,10916.0,1094250.0,13985,3542002,2602909.0,2337074.0,309399.0,5249382.0,6485.0,1247.0,13594.0,21326.0
2021-11-23,30175,45952.0,13225.0,1107475.0,14056,3556058,2608619.0,2338541.0,323491.0,5270651.0,5710.0,1467.0,14092.0,21269.0
2021-11-24,30620,46299.0,13101.0,1120576.0,14107,3570165,2614785.0,2340055.0,338082.0,5292922.0,6166.0,1514.0,14591.0,22271.0
2021-11-25,26482,41403.0,12047.0,1132623.0,14177,3584342,2621125.0,2341723.0,353086.0,5315934.0,6340.0,1668.0,15004.0,23012.0
2021-11-26,26658,43684.0,11764.0,1144387.0,14228,3598570,2629011.0,2343841.0,371749.0,5344601.0,7886.0,2118.0,18663.0,28667.0
2021-11-27,21477,23818.0,9493.0,1153880.0,14274,3612844,2634997.0,2344473.0,382951.0,5362421.0,5986.0,632.0,11202.0,17820.0
2021-11-28,13582,45684.0,7170.0,1161050.0,14341,3627185,2637568.0,2344874.0,389534.0,5371976.0,2571.0,401.0,6583.0,9555.0
2021-11-29,22057,79046.0,10531.0,1171581.0,14418,3641603,2641847.0,2345736.0,405170.0,5392753.0,4279.0,862.0,15636.0,20777.0
2021-11-30,28373,45919.0,11617.0,1183198.0,14503,3656106,2645657.0,2347046.0,419285.0,5411988.0,3810.0,1310.0,14115.0,19235.0
2021-12-01,22945,30393.0,9241.0,1192439.0,14606,3670712,2649048.0,2348265.0,433079.0,5430392.0,3391.0,1219.0,13794.0,18404.0
2021-12-02,42403,270.0,15289.0,1207728.0,14696,3685408,2651767.0,2349713.0,446295.0,5447775.0,2719.0,1448.0,13216.0,17383.0
